:ID,BlockID,Hash,Received_Time,Previous_Block_Hash,Transaction_Count,Height,:LABEL
0000000000000000033dda1ec06d9714d9009757a5417179106ca641ef90ead6,464443,0000000000000000033dda1ec06d9714d9009757a5417179106ca641ef90ead6,1410891217,00000000000000001d1ef27d08825ecd1a8c4e17979759b9048f75f5fb1082c3,32,321011,BlockChain
00000000000000001d1ef27d08825ecd1a8c4e17979759b9048f75f5fb1082c3,464442,00000000000000001d1ef27d08825ecd1a8c4e17979759b9048f75f5fb1082c3,1410890805,00000000000000001cbc7927f706bd11b2a55af7653edc2d0792734afbe31003,132,321010,BlockChain
00000000000000001ea4c903e3e1ebd36fd337eab618fb9a865c34677fe662ff,464427,00000000000000001ea4c903e3e1ebd36fd337eab618fb9a865c34677fe662ff,1410885023,00000000000000001703b1ed180f3f76487aed1466dd52cfbee83c8838cc277f,1027,320996,BlockChain
000000000000000024856136330fda7b29637c12bfc184819b357a4fa62822be,463411,000000000000000024856136330fda7b29637c12bfc184819b357a4fa62822be,1410554990,000000000000000009e739916b7bb8b04e948d5a96f2283c37760808d5d8999e,1272,320370,BlockChain
00000000000000001d215509d7f993d1c34b1a3366dc3743f41ee687129404a2,463056,00000000000000001d215509d7f993d1c34b1a3366dc3743f41ee687129404a2,1410368900,000000000000000011b29008e99491704b35ffa34f6b2f66ead4baee9c391b08,1159,320021,BlockChain
00000000000000000e4a9d8af575d5715ab54d774bf5896404ac393c673e27e8,458433,00000000000000000e4a9d8af575d5715ab54d774bf5896404ac393c673e27e8,1408734908,0000000000000000221b8970629e8fa93b6b2ce438cb418f1fe0d40df263bb37,826,316996,BlockChain
000000000000000018daef286702d60526a1887a276890e016a9785f6c374e29,458274,000000000000000018daef286702d60526a1887a276890e016a9785f6c374e29,1408650701,00000000000000001f4b2563446415e0fa32811daf9a89e48eeb1ee03fa947f4,461,316841,BlockChain
000000000000000027a296aafdce13174d474c00f88cf55f37e1909304ff42d6,456318,000000000000000027a296aafdce13174d474c00f88cf55f37e1909304ff42d6,1407682011,0000000000000000161388f89b8d4caea72dca599bfce374e375b93786cfc651,2110,314909,BlockChain
00000000000000001e82c139cb587bb061af110fee34c8eb7c6d8b323fe18f32,454388,00000000000000001e82c139cb587bb061af110fee34c8eb7c6d8b323fe18f32,1407268393,00000000000000002b8d51a12a119d612cf59d7ff9443b07cc31470f30696cb9,1232,314118,BlockChain
00000000000000003d5f4557eeb53ecc762e31bcd9742479ed87998fabc70019,446006,00000000000000003d5f4557eeb53ecc762e31bcd9742479ed87998fabc70019,1404392858,00000000000000001a2643083541cbae4a4c98e4791d527ddd1c57430553f1e7,348,309019,BlockChain
000000000000000019bc231cf116691375b828ef4d4334e89f22df38e2238528,441136,000000000000000019bc231cf116691375b828ef4d4334e89f22df38e2238528,1404220200,00000000000000003f87d75e8c57a2f215abfe277240eaeb085eaef37f744333,119,308746,BlockChain
00000000000000001a23b1575f6a8ae505173a348c400e7ea2bc21779e3e4c4a,441092,00000000000000001a23b1575f6a8ae505173a348c400e7ea2bc21779e3e4c4a,1404157108,00000000000000001122e170c210b6bd8b4955a9a0433ffddabab27f5e393f12,258,308647,BlockChain
00000000000000001fa8387d649bc6133a6df30bc74a5f4829b00a4f5c40e845,441086,00000000000000001fa8387d649bc6133a6df30bc74a5f4829b00a4f5c40e845,1404153688,0000000000000000280ad6db622daa67744aed52a4b78ffce85139a45faab442,897,308638,BlockChain
00000000000000001fa8387d649bc6133a6df30bc74a5f4829b00a4f5c40e845,441086,00000000000000001fa8387d649bc6133a6df30bc74a5f4829b00a4f5c40e845,1404153688,0000000000000000280ad6db622daa67744aed52a4b78ffce85139a45faab442,897,308638,BlockChain
00000000000000001fa8387d649bc6133a6df30bc74a5f4829b00a4f5c40e845,441086,00000000000000001fa8387d649bc6133a6df30bc74a5f4829b00a4f5c40e845,1404153688,0000000000000000280ad6db622daa67744aed52a4b78ffce85139a45faab442,897,308638,BlockChain
00000000000000001f607988e373ef09f6a9c7619b05db4483fde293758cfd89,441811,00000000000000001f607988e373ef09f6a9c7619b05db4483fde293758cfd89,1403970361,0000000000000000231787dc96921ebe98721e0be4938321911f6e4abc5ab5b7,161,308322,BlockChain
000000000000000045d17d984c002b742d4f69ed337527d9dcfc337aedd05da8,440830,000000000000000045d17d984c002b742d4f69ed337527d9dcfc337aedd05da8,1403900632,0000000000000000403ee852e45b70f3c86bfc0ca90acfeb7b528d2a6ddabd14,58,308163,BlockChain
000000000000000046adf2e429cf5318386a955f687e185b8dbe298fc846df76,440799,000000000000000046adf2e429cf5318386a955f687e185b8dbe298fc846df76,1403874354,00000000000000002cce424dd3b1f45eb01ee7a698aacd8d37bdc2c7380eb31e,32,308106,BlockChain
000000000000000046adf2e429cf5318386a955f687e185b8dbe298fc846df76,440799,000000000000000046adf2e429cf5318386a955f687e185b8dbe298fc846df76,1403874354,00000000000000002cce424dd3b1f45eb01ee7a698aacd8d37bdc2c7380eb31e,32,308106,BlockChain
00000000000000002ae05de98dccf7fffb34177d6cacccb7a4496faa1ceafc31,435562,00000000000000002ae05de98dccf7fffb34177d6cacccb7a4496faa1ceafc31,1403873089,000000000000000050090142c9d6ee92fb3b85c2906b3db2ed4bf96f65035159,813,308104,BlockChain
00000000000000003393078b4390e5ad5e31ee95b45cedbb484c1e399415982a,435462,00000000000000003393078b4390e5ad5e31ee95b45cedbb484c1e399415982a,1403788500,000000000000000046ef0919f12a77647e0caa47786ffb931e8d38026d910e66,1287,307924,BlockChain
000000000000000029a1f95ee3fc2fe8c9edf1cfb716ece7b870c49026298e5e,440664,000000000000000029a1f95ee3fc2fe8c9edf1cfb716ece7b870c49026298e5e,1403727720,000000000000000043d769bc7876fcb9a856107e2382aa24af8ef4796056ca8f,917,307808,BlockChain
00000000000000000de7bd6c037cfb5a004df64d1fe946226855cf3690f32cf8,435398,00000000000000000de7bd6c037cfb5a004df64d1fe946226855cf3690f32cf8,1403723273,00000000000000001382c0e68f8f26c4a0f1016fa002b4518c7b53c66003a517,196,307801,BlockChain
00000000000000000de7bd6c037cfb5a004df64d1fe946226855cf3690f32cf8,435398,00000000000000000de7bd6c037cfb5a004df64d1fe946226855cf3690f32cf8,1403723273,00000000000000001382c0e68f8f26c4a0f1016fa002b4518c7b53c66003a517,196,307801,BlockChain
00000000000000001382c0e68f8f26c4a0f1016fa002b4518c7b53c66003a517,435397,00000000000000001382c0e68f8f26c4a0f1016fa002b4518c7b53c66003a517,1403723094,00000000000000000400172e04f34a9f1be35ced07a514e1a40a85b383e8211f,320,307800,BlockChain
0000000000000000161be37e51f10b9f4bfb86b5d8259f21c3bf4beedce034f5,475279,0000000000000000161be37e51f10b9f4bfb86b5d8259f21c3bf4beedce034f5,1413372632,00000000000000000afba6a241f46b1b46a5ff0b57c73898be359cc07b78988f,789,325425,BlockChain
000000000000000017b2638e3c660bf228f70a34ab0ca8a9cf27b997ea7e2554,477283,000000000000000017b2638e3c660bf228f70a34ab0ca8a9cf27b997ea7e2554,1413300623,00000000000000000ec2833983bd87a333bebbf4576da4720be787796e5052b8,453,325302,BlockChain
000000000000000008f13e47faeb2e142a589e684f63bdca985c9cd76497232d,477269,000000000000000008f13e47faeb2e142a589e684f63bdca985c9cd76497232d,1413280081,0000000000000000131c09f9acbcec4e0cc221db4eb623ba0a6532a9aabb2c55,208,325267,BlockChain
000000000000000003b78beae8adcc055548a188e1a62d268d55a11341d0ef8e,477209,000000000000000003b78beae8adcc055548a188e1a62d268d55a11341d0ef8e,1413209667,00000000000000000c88b215014030a880c0e1690b7ce7387a1e7334fa53892d,971,325155,BlockChain
0000000000000000197a4723f65a3e10f84ad8ada18e61c82b7ebf110b450589,475128,0000000000000000197a4723f65a3e10f84ad8ada18e61c82b7ebf110b450589,1413195127,000000000000000001dc19d50f38a2b7b7dd815baece56ef8d1189338cc95df0,1836,325120,BlockChain
00000000000000001d134519cb13d14f737f2ee0a9e253293d2bd56d652c31cb,476891,00000000000000001d134519cb13d14f737f2ee0a9e253293d2bd56d652c31cb,1412861311,00000000000000001855a71559c3442702f6a1ded51c91bcbfb7208e941e0546,108,324544,BlockChain
00000000000000000d986fc384fba561554df04cd54aa047f71b43c0ae16f398,459784,00000000000000000d986fc384fba561554df04cd54aa047f71b43c0ae16f398,1409433402,00000000000000001e6122f1aa47bba9839510e5c0e4d18ebc35f3a7b138790a,797,318317,BlockChain
00000000000000000d986fc384fba561554df04cd54aa047f71b43c0ae16f398,459784,00000000000000000d986fc384fba561554df04cd54aa047f71b43c0ae16f398,1409433402,00000000000000001e6122f1aa47bba9839510e5c0e4d18ebc35f3a7b138790a,797,318317,BlockChain
00000000000000000d986fc384fba561554df04cd54aa047f71b43c0ae16f398,459784,00000000000000000d986fc384fba561554df04cd54aa047f71b43c0ae16f398,1409433402,00000000000000001e6122f1aa47bba9839510e5c0e4d18ebc35f3a7b138790a,797,318317,BlockChain
000000000000000011fecc7c0ff77f3f42e7b6a186748fb845b8522ae9644479,459701,000000000000000011fecc7c0ff77f3f42e7b6a186748fb845b8522ae9644479,1409398719,00000000000000002aa25b2fe667659d6cfe6af68b19ef32d95dd1bf2dc0824f,1537,318238,BlockChain
00000000000000000577b1ede75728e5712d49ae382e95bba19ac84f21186a3e,459396,00000000000000000577b1ede75728e5712d49ae382e95bba19ac84f21186a3e,1409243662,000000000000000021c28dc32394cff160808636792b8e76b62de74995202e50,621,317939,BlockChain
00000000000000000577b1ede75728e5712d49ae382e95bba19ac84f21186a3e,459396,00000000000000000577b1ede75728e5712d49ae382e95bba19ac84f21186a3e,1409243662,000000000000000021c28dc32394cff160808636792b8e76b62de74995202e50,621,317939,BlockChain
00000000000000001e82c139cb587bb061af110fee34c8eb7c6d8b323fe18f32,454388,00000000000000001e82c139cb587bb061af110fee34c8eb7c6d8b323fe18f32,1407268393,00000000000000002b8d51a12a119d612cf59d7ff9443b07cc31470f30696cb9,1232,314118,BlockChain
00000000000000001e82c139cb587bb061af110fee34c8eb7c6d8b323fe18f32,454388,00000000000000001e82c139cb587bb061af110fee34c8eb7c6d8b323fe18f32,1407268393,00000000000000002b8d51a12a119d612cf59d7ff9443b07cc31470f30696cb9,1232,314118,BlockChain
00000000000000002f31a58b6ad981d3bc0e2ab75c0ea5c108fa92deae0cd70c,454340,00000000000000002f31a58b6ad981d3bc0e2ab75c0ea5c108fa92deae0cd70c,1407236869,0000000000000000282e2f83c5886e18ec7da5a1d0783fc40f2f732348e0283b,1380,314071,BlockChain
000000000000000047bcf7c9b4cb1e9b19feb200d4f2474fd1543f8959965523,440160,000000000000000047bcf7c9b4cb1e9b19feb200d4f2474fd1543f8959965523,1403275650,0000000000000000185cbc05b37ec3d9f45ac2c446509e79ed6437329be29a85,334,306835,BlockChain
000000000000000045da017a2f2bb4309e25c51aeaa8655b45e6b9855d14e9d7,434911,000000000000000045da017a2f2bb4309e25c51aeaa8655b45e6b9855d14e9d7,1403262719,000000000000000006c3fae675fbf4ac7103f0e64501821c47486f503c6ad504,428,306805,BlockChain
0000000000000000491489c396a46cfb76f3d1dc0f583cc2845c0fe555a2397e,434875,0000000000000000491489c396a46cfb76f3d1dc0f583cc2845c0fe555a2397e,1403232039,000000000000000022f342f5d049fffdf4c9837742412f686100d295c2f004bd,661,306748,BlockChain
0000000000000000103ddf6ae79d2ae35deca4a77d10ef425d38c849a6dc7049,438508,0000000000000000103ddf6ae79d2ae35deca4a77d10ef425d38c849a6dc7049,1402758794,0000000000000000472b31bd31626705f043ec393302a9e51bcbd833277d1753,134,305774,BlockChain
000000000000000055e7d38b548d0c7986e649a2a161bb4082144ad19eff3709,434324,000000000000000055e7d38b548d0c7986e649a2a161bb4082144ad19eff3709,1402686010,00000000000000004fe8762de76e36c20e943b98415d841e4b02903bcbdc594c,705,305624,BlockChain
00000000000000005d81d3323adfe29b207b95b67bda958d1fa57b4cc54af579,438385,00000000000000005d81d3323adfe29b207b95b67bda958d1fa57b4cc54af579,1402622583,00000000000000004ad29f8692d0a249acc8b1732a5dbaf25602454c9156a24e,208,305512,BlockChain
00000000000000000554b3ab41b834832f62a0c7a53bf407cc2de48b070ecad8,434253,00000000000000000554b3ab41b834832f62a0c7a53bf407cc2de48b070ecad8,1402610484,00000000000000000735c7715442f5dd1a900bca9426dd3765cee3ec007d4fe5,679,305485,BlockChain
00000000000000001684774b710d4915c215acff224e752e36558260a5904c8d,434239,00000000000000001684774b710d4915c215acff224e752e36558260a5904c8d,1402598558,00000000000000005d3281fcf31d7b71def91f6e986f20406f16897996316e24,818,305452,BlockChain
0000000000000000312c63663c2ce805686df46c59a3fa73cc747842787e677c,434232,0000000000000000312c63663c2ce805686df46c59a3fa73cc747842787e677c,1402586094,000000000000000045d0a54ba09da52c86cb58c13318a2f4bcf09f8fa2b80b4f,546,305438,BlockChain
00000000000000003f7aaac187813719c8854d5c15a7c711120fc6baeb5ea40f,434226,00000000000000003f7aaac187813719c8854d5c15a7c711120fc6baeb5ea40f,1402580247,000000000000000030e1b9c1feec4ce4b6622630dd70609ab932b2a6df2b9a12,719,305423,BlockChain
0000000000000000455efb728f295879db1b501454adaa03b6892ce9d990732d,434225,0000000000000000455efb728f295879db1b501454adaa03b6892ce9d990732d,1402580126,000000000000000030e1b9c1feec4ce4b6622630dd70609ab932b2a6df2b9a12,908,305423,BlockChain
00000000000000003fa7e97d0787e4e46f23994f11bbd2781a1b7e33aa869e6e,434072,00000000000000003fa7e97d0787e4e46f23994f11bbd2781a1b7e33aa869e6e,1402420835,00000000000000003f0bb243b026fa904946f262eebf0684614ebb2622e4e554,1387,305135,BlockChain
0000000000000000162865e084d637f7e7fbd3580a2dae91abe6d47fa4ef8abe,438131,0000000000000000162865e084d637f7e7fbd3580a2dae91abe6d47fa4ef8abe,1402353046,000000000000000055dc44927eb75cbddbf70b392abc42a505334f23eb9c1d1f,493,305004,BlockChain
000000000000000013f954155a8ebc16a52f4373abef9c883891cf40314c3ed4,438066,000000000000000013f954155a8ebc16a52f4373abef9c883891cf40314c3ed4,1402282917,00000000000000004e406c5dd14e4286e7bbba6183a852d3b90f216a95278147,230,304881,BlockChain
000000000000000045877a8e19f44875846183318a67d6af7910e89b31a91d60,438047,000000000000000045877a8e19f44875846183318a67d6af7910e89b31a91d60,1402259225,00000000000000005072f07ea1cc73712f42ff24b203b7e28ae622012a1b1ed2,654,304847,BlockChain
0000000000000000179ff5397ccb1deb6f6033277144c70b2d72f3ff936fb2d0,433922,0000000000000000179ff5397ccb1deb6f6033277144c70b2d72f3ff936fb2d0,1402247967,00000000000000002f84f31d4098d7b36a2e92e8e439b990860b63c2a545b4c1,664,304832,BlockChain
00000000000000003925c4f9babbc6bd536eafe2b0231710f8a82fd0221a9bdc,437989,00000000000000003925c4f9babbc6bd536eafe2b0231710f8a82fd0221a9bdc,1402199121,00000000000000001bda00497f9a8ac45567c8e54a4ca54e1de647c3dc783675,302,304737,BlockChain
000000000000000016434b09a4f17fa61102efcc3bfbf4c7b5cffc92d7162e30,433868,000000000000000016434b09a4f17fa61102efcc3bfbf4c7b5cffc92d7162e30,1402183342,000000000000000026bd280f4563e540f0bc282f445fd0ab28ce962a1ac9a305,626,304720,BlockChain
00000000000000005ac1c70e88515306d2ac4795fa56773a36779b3443adf14c,433808,00000000000000005ac1c70e88515306d2ac4795fa56773a36779b3443adf14c,1402125164,0000000000000000128f4fc44d12dcb4de606373d9a7d9e9751cbda8034bb63e,867,304609,BlockChain
0000000000000000052ab6cee6946c00da24407765a15d9892eb02c911806df5,437927,0000000000000000052ab6cee6946c00da24407765a15d9892eb02c911806df5,1402125180,0000000000000000128f4fc44d12dcb4de606373d9a7d9e9751cbda8034bb63e,830,304609,BlockChain
000000000000000030dcb8c8dcad9c93468bb1fdeb638ab5fd39dadda7693bd6,437921,000000000000000030dcb8c8dcad9c93468bb1fdeb638ab5fd39dadda7693bd6,1402114644,00000000000000001ea250a0205ca8cff96bd922051ae1b044ceab493455aaa7,1006,304596,BlockChain
0000000000000000297d7299908830824f958f7ad125d42dea2ebf6e6abda613,433792,0000000000000000297d7299908830824f958f7ad125d42dea2ebf6e6abda613,1402102804,0000000000000000154971d5df5400f0346e367d0ed203b36049fddafddc65c6,227,304577,BlockChain
00000000000000002fa7db2ac56c4de34e1af58578eb708ac83186a95d9fce5c,437901,00000000000000002fa7db2ac56c4de34e1af58578eb708ac83186a95d9fce5c,1402094888,000000000000000055956f749c55cfb8b776df1585c554fb395705781d77f08e,85,304563,BlockChain
000000000000000045a6c7680d05c92cba846604b91987a08b937a22bf05bedf,433779,000000000000000045a6c7680d05c92cba846604b91987a08b937a22bf05bedf,1402088202,0000000000000000326cc80d3c544ae7f903d38fc3625ab17077b988bdc9664b,602,304548,BlockChain
0000000000000000178ad5e6f7b3535c6106b7c6f0bdeb831dbd89c642b6f271,437881,0000000000000000178ad5e6f7b3535c6106b7c6f0bdeb831dbd89c642b6f271,1402072480,00000000000000004cec4095f8a14ec672ee05506e84fc1f9324ee73700172ce,730,304526,BlockChain
00000000000000004cec4095f8a14ec672ee05506e84fc1f9324ee73700172ce,433770,00000000000000004cec4095f8a14ec672ee05506e84fc1f9324ee73700172ce,1402071398,00000000000000001ad5264adb1e9d0fba0cf9b4b95390499e37a9c953b9ecf5,267,304525,BlockChain
00000000000000005086fa249e62810f67b52a5e66a4968b3b9365319a190af4,433725,00000000000000005086fa249e62810f67b52a5e66a4968b3b9365319a190af4,1402011735,00000000000000005c34fcde4ecb0646ba89b001fa5a1fb2c83af94dc18e9660,942,304430,BlockChain
00000000000000000d1920bd97beb7541ae6ce523b4e259fe6bd497820274e15,437827,00000000000000000d1920bd97beb7541ae6ce523b4e259fe6bd497820274e15,1402009597,00000000000000005c05657d5e92e497fd9bed5c7c07b5f8430dcf37c21951ec,484,304427,BlockChain
0000000000000000190ca9288860c43676a00416a8c4fca2b889ef14f83b22f1,433716,0000000000000000190ca9288860c43676a00416a8c4fca2b889ef14f83b22f1,1402000546,00000000000000003741959375d37ee1582637db7ebb661f261a50dfa1a9861e,489,304406,BlockChain
0000000000000000251418f2fa887a29cc80511ed6e787ee160bf7fbc28c7041,437800,0000000000000000251418f2fa887a29cc80511ed6e787ee160bf7fbc28c7041,1401989922,00000000000000001697bc97af9dc044c3eb2838a2ccf72b5d7bba5b1043604c,739,304384,BlockChain
00000000000000001f33cfec723b6b0c86cebd3cabc8485267d8da2001080d12,437794,00000000000000001f33cfec723b6b0c86cebd3cabc8485267d8da2001080d12,1401984207,0000000000000000518431f4ee57c5d495b9e3d29b9862848f9f55611afa35dd,833,304373,BlockChain
0000000000000000426936a3f715122631ea63a3b5f78ad1703753c039990d14,437755,0000000000000000426936a3f715122631ea63a3b5f78ad1703753c039990d14,1401945829,00000000000000003c480f75f57f5020cccbb485b9292f13b7b111b506d7f8a6,628,304307,BlockChain
0000000000000000636c5a8d720fcec953a748c729fec592a5ec075a4642048b,437726,0000000000000000636c5a8d720fcec953a748c729fec592a5ec075a4642048b,1401912066,00000000000000003eb68c85c6f8bfc86137531f86ce128707a033695f214250,112,304256,BlockChain
00000000000000001b2e2ba1a4f721d935c29fb9086bd93899acff2e8e761687,468569,00000000000000001b2e2ba1a4f721d935c29fb9086bd93899acff2e8e761687,1411584499,000000000000000005ffde3d98bb627815c3051ad9d213d6e389ecb85d5bfe9a,124,322374,BlockChain
000000000000000017e6556c109d945aeeb92ab7a707bd9f20a46437f152ee52,466559,000000000000000017e6556c109d945aeeb92ab7a707bd9f20a46437f152ee52,1411578986,00000000000000000d7a2074051a8849a1feb9020580c1c1ff80d2df1fa07ffa,1186,322365,BlockChain
0000000000000000086e5aadde43b28f47ca44dfdf2b3993206014c4ac6e38ae,468550,0000000000000000086e5aadde43b28f47ca44dfdf2b3993206014c4ac6e38ae,1411563837,000000000000000018ad06ac8d09565958c824622402fe28bec438920a76bcf3,273,322339,BlockChain
00000000000000000a47697f61c40d1a9288228fcc4b6b0d4853501726508fba,468548,00000000000000000a47697f61c40d1a9288228fcc4b6b0d4853501726508fba,1411562834,0000000000000000034482e76c616a7152c5595799b683eddd3799dac1be4f7d,322,322337,BlockChain
00000000000000001130011be52283f9bb929b746f534a7a1789ec11fedcb1da,466481,00000000000000001130011be52283f9bb929b746f534a7a1789ec11fedcb1da,1411503661,000000000000000023850ee25e56dbc988ab2dc4c5121b1782d5a95d3ee7acf0,530,322224,BlockChain
00000000000000000e0c5bcd871f33389191fb2ce0e788723947330dc4d149ae,466476,00000000000000000e0c5bcd871f33389191fb2ce0e788723947330dc4d149ae,1411500375,0000000000000000187d5662f69df1bee10ef853c7cdcab282a38d99ebc27bb7,1263,322216,BlockChain
00000000000000000c95923ce4246c416198d04680f461788de7f72c4fb07b06,466381,00000000000000000c95923ce4246c416198d04680f461788de7f72c4fb07b06,1411397901,00000000000000001d7568ec631faff0b01462e13faa75eecaab7e16c4691e3b,439,322030,BlockChain
00000000000000000e84fd4f9eed5570a5c4f8d904d18bb6a5c2e4f43e6f8158,465492,00000000000000000e84fd4f9eed5570a5c4f8d904d18bb6a5c2e4f43e6f8158,1411390852,000000000000000022d6905a15a50cfa8ddaed3da1b9ea1a4dfb212e206664bd,302,322016,BlockChain
00000000000000001936248dbe0c845aca74dd227e94260f864c65b4c2d25ca0,465470,00000000000000001936248dbe0c845aca74dd227e94260f864c65b4c2d25ca0,1411382506,00000000000000001ee005ea5c5ea1c91b5605a3ad1dc2230042ebb2679b0f9b,398,321996,BlockChain
000000000000000005634fb050e1d2b9cf3e58301a0e68ade84422d6c177169c,465462,000000000000000005634fb050e1d2b9cf3e58301a0e68ade84422d6c177169c,1411376585,00000000000000000c589572538b966b679d7897fd3bc3bb1b6921c5c88151f0,188,321990,BlockChain
00000000000000001adb8d4f72c2d1a3d1a4997be602439596740d2a54e47eea,465382,00000000000000001adb8d4f72c2d1a3d1a4997be602439596740d2a54e47eea,1411337029,000000000000000022d7d6fda20aeb2500a76bf99ac699a5123a5dd2e06e8d75,61,321918,BlockChain
000000000000000008ca0569e5450432450826b62001e5eb2100137db1555218,465372,000000000000000008ca0569e5450432450826b62001e5eb2100137db1555218,1411330613,00000000000000001ce9265f57eb39f921576660d6f8947b27c5a2885ac0519e,1333,321909,BlockChain
00000000000000000248e136df88a8e482e7824c98598d85bc133b471bb7c016,464932,00000000000000000248e136df88a8e482e7824c98598d85bc133b471bb7c016,1411121675,0000000000000000124fee4d2feaa7f86f65c05415d333c4f26d0144fed60260,55,321497,BlockChain
00000000000000001150b911bf1bf86b2de00cf231819dfba283bd26a731947c,464927,00000000000000001150b911bf1bf86b2de00cf231819dfba283bd26a731947c,1411120304,000000000000000009f878fed4b26055382e09aa273f5a6b011af8fdb71a4a26,256,321492,BlockChain
000000000000000023de9f6ea0d44520bd4aded83d255792b2fa93847b192b3b,464925,000000000000000023de9f6ea0d44520bd4aded83d255792b2fa93847b192b3b,1411119171,00000000000000002240ae03093c7b4e8c926477021a5188ff00448732bbaff6,257,321490,BlockChain
000000000000000024b58c1a08eca5cca714b739a5b6329537ea9c789f26c18e,464918,000000000000000024b58c1a08eca5cca714b739a5b6329537ea9c789f26c18e,1411117560,00000000000000001dfe76f7a70aef06a9ae59b6fde08ef8cd6314bb93365a95,2397,321483,BlockChain
00000000000000000eece6619e482dd5069896ce1bea56c2b096c892c26218c9,464466,00000000000000000eece6619e482dd5069896ce1bea56c2b096c892c26218c9,1410900443,000000000000000008c17cf31aec28e4623e0b6c98f5d690def7b156f114f2f8,273,321034,BlockChain
00000000000000000c22d6f5d8d4cd0e8aebc6405d66a297ce70e942c93b0f46,464463,00000000000000000c22d6f5d8d4cd0e8aebc6405d66a297ce70e942c93b0f46,1410899246,00000000000000001d8039a9ffd49b8024438ee2a443493def354c78cd14a41d,798,321031,BlockChain
00000000000000000c9dd7ce05a53b23f136a7e022539065ab6cf233ac165dbb,464438,00000000000000000c9dd7ce05a53b23f136a7e022539065ab6cf233ac165dbb,1410889814,0000000000000000164bdcb1a48f403888afab9634fa0ee99f544a3b206a9f14,164,321006,BlockChain
0000000000000000209e43c1ff84b46e2730a45fe29211b4614dec27187d92d5,464435,0000000000000000209e43c1ff84b46e2730a45fe29211b4614dec27187d92d5,1410888183,0000000000000000191bb441fbc90c01e6402c1e1ada9b60a9662b27afd3b246,399,321003,BlockChain
00000000000000000c9dd7ce05a53b23f136a7e022539065ab6cf233ac165dbb,464438,00000000000000000c9dd7ce05a53b23f136a7e022539065ab6cf233ac165dbb,1410889814,0000000000000000164bdcb1a48f403888afab9634fa0ee99f544a3b206a9f14,164,321006,BlockChain
000000000000000008929d8864ab9436ca9cb4a214776f335227a551440d14c4,464428,000000000000000008929d8864ab9436ca9cb4a214776f335227a551440d14c4,1410885844,00000000000000001ea4c903e3e1ebd36fd337eab618fb9a865c34677fe662ff,1047,320997,BlockChain
00000000000000000addeeccb120061c59b9312bfb53cbfc5cd673c45ec6b652,463366,00000000000000000addeeccb120061c59b9312bfb53cbfc5cd673c45ec6b652,1410529347,00000000000000001acf2fd35ca3c85dc33989fa747c97f3fcfd5bd468511d91,69,320328,BlockChain
00000000000000000496e19151c531af7d24e7ae20d2c4153a98e7e657a19f00,463360,00000000000000000496e19151c531af7d24e7ae20d2c4153a98e7e657a19f00,1410527114,00000000000000000e163bc7cee7e966e917fc42232d1a39b21edcdbfa464c28,1481,320322,BlockChain
000000000000000001cf3ddab04e81d07abc36fbab57f652e520d125ebd6277b,463202,000000000000000001cf3ddab04e81d07abc36fbab57f652e520d125ebd6277b,1410450139,0000000000000000129dc2df86682d8c19bcc24e4b49e3390c363477a27e15d8,200,320165,BlockChain
0000000000000000011d8d433569d6c2c19fdef4272a9c7fa328004732ecd89b,463192,0000000000000000011d8d433569d6c2c19fdef4272a9c7fa328004732ecd89b,1410445208,000000000000000000ab4b8128de3ca8974cbbadeb5ba3067abc6fc223fa6195,777,320155,BlockChain
00000000000000000a872a97f874f4c8ce9ae154b869e7cf0e1c3cf73c54975b,463067,00000000000000000a872a97f874f4c8ce9ae154b869e7cf0e1c3cf73c54975b,1410375825,00000000000000001a1ae088280c070dc105903d134fedf74a7a53f7d78cb2c9,195,320031,BlockChain
0000000000000000045197719ed63c91d7ad198bce48735a6bb052122a48f7ee,463062,0000000000000000045197719ed63c91d7ad198bce48735a6bb052122a48f7ee,1410372903,00000000000000001c2d8cdb8a3719975b78db6d810030bbce8ab505467809e8,1202,320026,BlockChain
0000000000000000045197719ed63c91d7ad198bce48735a6bb052122a48f7ee,463062,0000000000000000045197719ed63c91d7ad198bce48735a6bb052122a48f7ee,1410372903,00000000000000001c2d8cdb8a3719975b78db6d810030bbce8ab505467809e8,1202,320026,BlockChain
00000000000000001c2d8cdb8a3719975b78db6d810030bbce8ab505467809e8,463061,00000000000000001c2d8cdb8a3719975b78db6d810030bbce8ab505467809e8,1410371859,000000000000000003d6a8f3b7c25374f77ef89e906b2d707cd182454bed4381,734,320025,BlockChain
0000000000000000252f6da60ca32c88146c30dfc1a3da66f9076a4c8faed9d9,463053,0000000000000000252f6da60ca32c88146c30dfc1a3da66f9076a4c8faed9d9,1410367729,00000000000000000739ae4119340642a53d3e6064e10cb12347cfe874b9ca30,1168,320018,BlockChain
00000000000000001d215509d7f993d1c34b1a3366dc3743f41ee687129404a2,463056,00000000000000001d215509d7f993d1c34b1a3366dc3743f41ee687129404a2,1410368900,000000000000000011b29008e99491704b35ffa34f6b2f66ead4baee9c391b08,1159,320021,BlockChain
0000000000000000253c34dce5af18a0e3d17b660cdb4ba6be891f80f3bc28c7,463047,0000000000000000253c34dce5af18a0e3d17b660cdb4ba6be891f80f3bc28c7,1410363997,00000000000000000e8d011f81bcb7a1f0d0d4e4ff75b28ab33e132911b9dd08,1024,320012,BlockChain
000000000000000001ca94a6453eb13c402408e8b5f798aa81afcbf1afa61c3d,463038,000000000000000001ca94a6453eb13c402408e8b5f798aa81afcbf1afa61c3d,1410357271,00000000000000000624720eb4feabdcb3667687488d0e2b7627ea7a9f4ab95c,70,320003,BlockChain
000000000000000001e719a31787330698ae12ff90b306d028d5c89f577991e6,463031,000000000000000001e719a31787330698ae12ff90b306d028d5c89f577991e6,1410354738,00000000000000001de4e2bc3142782205c3cb9be2dca7d3344787a0205d04e5,583,319996,BlockChain
000000000000000007aea3dcd40fbdf7c25df9a193350d82534bc9ab313506df,462776,000000000000000007aea3dcd40fbdf7c25df9a193350d82534bc9ab313506df,1410203894,000000000000000019c2a718e34e88611b281a1e01f7b71b30b1aa918a32a5c7,314,319744,BlockChain
00000000000000000a88232b12ecc0dad9a8d26965f6236c5c20e78a231d8d39,462769,00000000000000000a88232b12ecc0dad9a8d26965f6236c5c20e78a231d8d39,1410200052,000000000000000013937efff78c1fac77326586e695e2b1a60b6e4e72190db3,913,319738,BlockChain
000000000000000019f0ee81f1e05601173365aa8bcb32cb9279a56e6f4f2160,462771,000000000000000019f0ee81f1e05601173365aa8bcb32cb9279a56e6f4f2160,1410201901,000000000000000017537c51307e1920e3f149ce88bf6bc6915468a83b746663,1756,319740,BlockChain
00000000000000000812f8d4dbc834cb6bf21b7580f38a1a2146ecd42314380f,462763,00000000000000000812f8d4dbc834cb6bf21b7580f38a1a2146ecd42314380f,1410195611,00000000000000001530671fdbc4f01d8d6c5d1b668b521e4a46f645ced7c49e,805,319732,BlockChain
00000000000000001a5aa46ad0cd1c690147e6967a9bdc63e06b407e56f49210,462766,00000000000000001a5aa46ad0cd1c690147e6967a9bdc63e06b407e56f49210,1410197125,0000000000000000092cd65c42a087e671545eb53632896763e0028edd607555,379,319735,BlockChain
00000000000000000585310e9adf6d6a6e770c2c8b2192fbf487ebfbe6852315,462760,00000000000000000585310e9adf6d6a6e770c2c8b2192fbf487ebfbe6852315,1410193521,000000000000000026b3a579d0248629e7518b7167c97ed42f79ba21e991a725,90,319729,BlockChain
000000000000000003b6b2700cb8cb1270b2d488584ec10c8107beafd6fcc3d6,462756,000000000000000003b6b2700cb8cb1270b2d488584ec10c8107beafd6fcc3d6,1410191498,000000000000000021b522f6ca97f50c0ad7c2a71e9976ee5b4a7bb5e3d7f608,761,319725,BlockChain
000000000000000019e10477c9b89f5a80405523efdeb212758a156058b470f4,462757,000000000000000019e10477c9b89f5a80405523efdeb212758a156058b470f4,1410191599,000000000000000003b6b2700cb8cb1270b2d488584ec10c8107beafd6fcc3d6,441,319726,BlockChain
00000000000000001af16f52955efbcac8168caeb25d443b002f31671fa74d1e,462753,00000000000000001af16f52955efbcac8168caeb25d443b002f31671fa74d1e,1410189994,0000000000000000105f550beb46ad534c44ba70156142e7d31f40b1838126ea,130,319722,BlockChain
000000000000000017489b69f2bc03d9294ead30b0ff7539de237a8f7b89af88,462743,000000000000000017489b69f2bc03d9294ead30b0ff7539de237a8f7b89af88,1410187363,00000000000000001b4c8db4bcd02dcd1796e49ff22ded72e6426f3094c1e8a3,1024,319713,BlockChain
000000000000000012049eb61185d4034ebb35eb1dfd8f78ff645bb1bf999299,462618,000000000000000012049eb61185d4034ebb35eb1dfd8f78ff645bb1bf999299,1410117095,00000000000000001ac818b40cd7805a34b398574a2f29a1c7ecfa23a2ca5682,378,319590,BlockChain
00000000000000000217c526d0d7910f8df31bbbf6a55f9fb8dc952c2a746a5a,462614,00000000000000000217c526d0d7910f8df31bbbf6a55f9fb8dc952c2a746a5a,1410113752,00000000000000001748ba8fef2f5ca6b6cba0dddd88204f2d014dd9859e1174,1145,319586,BlockChain
00000000000000000217c526d0d7910f8df31bbbf6a55f9fb8dc952c2a746a5a,462614,00000000000000000217c526d0d7910f8df31bbbf6a55f9fb8dc952c2a746a5a,1410113752,00000000000000001748ba8fef2f5ca6b6cba0dddd88204f2d014dd9859e1174,1145,319586,BlockChain
00000000000000001bb1ea98221da9fdd31ea85d052d71a0f559785f9398759a,462544,00000000000000001bb1ea98221da9fdd31ea85d052d71a0f559785f9398759a,1410080875,00000000000000001f8fd23c0ef67de62489accc56dabf7cccbfc3d435e0c2ba,590,319519,BlockChain
00000000000000001078b4a75622927dc9b8ef90f766777e4ac5fa46d20c9e09,462540,00000000000000001078b4a75622927dc9b8ef90f766777e4ac5fa46d20c9e09,1410078188,00000000000000002162573c8a4b76783843b3aaaf7906a5fe921c1b727f28b2,975,319515,BlockChain
00000000000000002060149a173b1c4452c2862828331309f81d335363f3d371,462287,00000000000000002060149a173b1c4452c2862828331309f81d335363f3d371,1409951995,00000000000000001b2cb35b6ee57c0868f9d5c6dc60c2e0479d78b2601785a1,850,319266,BlockChain
000000000000000011090fb9a393edabe15469b1444ea32cd92fd30d2cdec61f,460757,000000000000000011090fb9a393edabe15469b1444ea32cd92fd30d2cdec61f,1409945968,000000000000000021bb3dfcb3304aefb581ba147c07fc8c14f759127b0b760b,868,319259,BlockChain
000000000000000022a831fe478696f6a4709a21956233319f423c0ef1478fd1,460714,000000000000000022a831fe478696f6a4709a21956233319f423c0ef1478fd1,1409920639,0000000000000000082bd422f42a63552e9247e03acf016764efa843219acbec,256,319216,BlockChain
00000000000000001d4c7882f69ce5ea4c27c2bc62ed350f38665e51e373223f,460710,00000000000000001d4c7882f69ce5ea4c27c2bc62ed350f38665e51e373223f,1409919384,00000000000000002292bc8e36574e5371e84111d0a7a14c6778d2e393cddbd1,471,319212,BlockChain
000000000000000007755f9d964ebd09f004f0e0957e9dd197952b1728f14b39,460711,000000000000000007755f9d964ebd09f004f0e0957e9dd197952b1728f14b39,1409919707,00000000000000001d4c7882f69ce5ea4c27c2bc62ed350f38665e51e373223f,378,319213,BlockChain
00000000000000001b2da002128688a2efcfc9f1e0daf5f74204f79b26ec1fc3,460703,00000000000000001b2da002128688a2efcfc9f1e0daf5f74204f79b26ec1fc3,1409916065,00000000000000000d220376dfce4438e0e86a4fa8c666af2bcc7f1a75845d54,793,319205,BlockChain
000000000000000025dff0de3a754fd872e4618f26871a80e766f9454013af7b,460610,000000000000000025dff0de3a754fd872e4618f26871a80e766f9454013af7b,1409858600,0000000000000000229672adb3f834b49fd6896473e79fbe012f4ee9071518a0,45,319113,BlockChain
00000000000000001e915a646d5f1970ab771cba1cfbccdf6d14c949d6ab2938,460603,00000000000000001e915a646d5f1970ab771cba1cfbccdf6d14c949d6ab2938,1409856060,00000000000000000965da093eb4d6f95af336175e3547a6b6ffd5afde7e8a28,866,319106,BlockChain
00000000000000001ff42d01bbb047118ce7c59390e6162e74167bb14295af33,460558,00000000000000001ff42d01bbb047118ce7c59390e6162e74167bb14295af33,1409829423,00000000000000000d269622df02f6fea49673c3dc3a0a26d0ec3cb21bf6b329,124,319062,BlockChain
000000000000000010debe697ca042051f8c106eda837500eb94d09dbf440968,460551,000000000000000010debe697ca042051f8c106eda837500eb94d09dbf440968,1409826438,00000000000000000b784cd09d194368e6a4b37f0e6d94c3f485612215dbf76a,1002,319055,BlockChain
00000000000000001cb7ebc41f559b2afb6de1b11a0f467e5b68e2916fdd79ac,460407,00000000000000001cb7ebc41f559b2afb6de1b11a0f467e5b68e2916fdd79ac,1409758436,000000000000000017bad0ce16fdf8ddfc2b97d38b2aef477797e86496b9cac4,227,318914,BlockChain
000000000000000011afc14aa816d3c1517c3b83c61b0ce7d42f2346ca4bb78d,460399,000000000000000011afc14aa816d3c1517c3b83c61b0ce7d42f2346ca4bb78d,1409754304,000000000000000012e0877019463d4cb126764611cc38d79edf4039447ecfc7,1404,318908,BlockChain
00000000000000001cb7ebc41f559b2afb6de1b11a0f467e5b68e2916fdd79ac,460407,00000000000000001cb7ebc41f559b2afb6de1b11a0f467e5b68e2916fdd79ac,1409758436,000000000000000017bad0ce16fdf8ddfc2b97d38b2aef477797e86496b9cac4,227,318914,BlockChain
00000000000000000e8f918bbcf642f585918bd41b915dc04f0c6433740b0c9f,460374,00000000000000000e8f918bbcf642f585918bd41b915dc04f0c6433740b0c9f,1409739163,00000000000000001d22ea7826d1d670e1a0c6b865ec1ba1d441bac42dfdc508,1085,318889,BlockChain
0000000000000000248fbee9f2a99398e4bc7adff2d72738386ed5195ea650e0,460257,0000000000000000248fbee9f2a99398e4bc7adff2d72738386ed5195ea650e0,1409678924,00000000000000001eab1e8ed34e31c9aa18c0f93636730ea6980f43fa3e33b3,177,318774,BlockChain
00000000000000000161e0094c95ff24b161432ec737a9b0c09528e2daff0c6a,460250,00000000000000000161e0094c95ff24b161432ec737a9b0c09528e2daff0c6a,1409674848,000000000000000013ee68f77b9467b518745d6d42a53f7793d693ade4bc781f,1070,318767,BlockChain
00000000000000000ecb908b92bf460b5e5bbaa4a93ab7376b43f0ddb2559a39,459909,00000000000000000ecb908b92bf460b5e5bbaa4a93ab7376b43f0ddb2559a39,1409486917,000000000000000008fc75a85e8ceb1c9feb89d472d68f96e73cdd2908d13214,91,318439,BlockChain
00000000000000002a1e2596d2e43e591f3b60c4f291eb8e7457732c65e841c5,459905,00000000000000002a1e2596d2e43e591f3b60c4f291eb8e7457732c65e841c5,1409486011,000000000000000011c8ba43d3177a6037b4e0afb6d8e110e966f0e263dc6f12,335,318435,BlockChain
00000000000000000ecb908b92bf460b5e5bbaa4a93ab7376b43f0ddb2559a39,459909,00000000000000000ecb908b92bf460b5e5bbaa4a93ab7376b43f0ddb2559a39,1409486917,000000000000000008fc75a85e8ceb1c9feb89d472d68f96e73cdd2908d13214,91,318439,BlockChain
00000000000000001a57d1196b0da1f6d270bf5009b6dd8855d479f783d80f0e,459899,00000000000000001a57d1196b0da1f6d270bf5009b6dd8855d479f783d80f0e,1409483070,000000000000000017a6d988f8a3724fa1eaf553f46cf60d7b11a4f8b5c707df,537,318429,BlockChain
00000000000000000ecbac57d6614e8bcad2bdd5268859a797c46d348e9a0d62,459791,00000000000000000ecbac57d6614e8bcad2bdd5268859a797c46d348e9a0d62,1409435849,0000000000000000248cb9b79bfc7f4f6b976940f68df6a87bef66097d7af037,131,318324,BlockChain
00000000000000000d986fc384fba561554df04cd54aa047f71b43c0ae16f398,459784,00000000000000000d986fc384fba561554df04cd54aa047f71b43c0ae16f398,1409433402,00000000000000001e6122f1aa47bba9839510e5c0e4d18ebc35f3a7b138790a,797,318317,BlockChain
00000000000000000d986fc384fba561554df04cd54aa047f71b43c0ae16f398,459784,00000000000000000d986fc384fba561554df04cd54aa047f71b43c0ae16f398,1409433402,00000000000000001e6122f1aa47bba9839510e5c0e4d18ebc35f3a7b138790a,797,318317,BlockChain
00000000000000001247ba9c0e1b9c81ddad34cac447a6cf9137b84d4b55e95a,459712,00000000000000001247ba9c0e1b9c81ddad34cac447a6cf9137b84d4b55e95a,1409404852,00000000000000000c3e775af6a64c76fa038b32d851c1aad42872b42b99de70,136,318248,BlockChain
000000000000000011fecc7c0ff77f3f42e7b6a186748fb845b8522ae9644479,459701,000000000000000011fecc7c0ff77f3f42e7b6a186748fb845b8522ae9644479,1409398719,00000000000000002aa25b2fe667659d6cfe6af68b19ef32d95dd1bf2dc0824f,1537,318238,BlockChain
000000000000000012f7d77ed081cdfce08e871913fd6d853dfc777b56d7b682,459586,000000000000000012f7d77ed081cdfce08e871913fd6d853dfc777b56d7b682,1409337045,00000000000000001615607e1e7873ca6d6dcc2b50652991002a2c3a2a9470cc,24,318125,BlockChain
00000000000000001d6d01353d1de6a54da5e56031ad87f7b10a9af79892b151,459578,00000000000000001d6d01353d1de6a54da5e56031ad87f7b10a9af79892b151,1409335346,00000000000000000dd614ab129457c174460d3bb429cfa99f945701a7c733c2,715,318117,BlockChain
0000000000000000068c3b31275dd37993814b5467a68480b119e245f602c2bb,459528,0000000000000000068c3b31275dd37993814b5467a68480b119e245f602c2bb,1409310209,000000000000000024490e1aea07d393edf7369cc3b758e629dec540b0ea1f6e,45,318067,BlockChain
000000000000000017c9eb489320705522fce819dde50a3aa87725fbab73d824,459520,000000000000000017c9eb489320705522fce819dde50a3aa87725fbab73d824,1409307642,00000000000000001fa1933de47338429135d58c7b979ceed981230f1dd4a970,792,318059,BlockChain
00000000000000001b6b8e4174e2387c398f945d179354e86b1d55bc8bdf045a,459409,00000000000000001b6b8e4174e2387c398f945d179354e86b1d55bc8bdf045a,1409249468,00000000000000000f476a702673ef4ec8a27537bd12432373a2558ceae890f3,416,317952,BlockChain
00000000000000000d3525c2a417badcedd88485bc476c33405471c9e7ade3ea,459405,00000000000000000d3525c2a417badcedd88485bc476c33405471c9e7ade3ea,1409248214,000000000000000015b343d750945640d16f473b14f690eeab9bb85496fd31b2,732,317948,BlockChain
0000000000000000125a171a87fa3dd6c619afef17a514dba774af99a8c32f00,459413,0000000000000000125a171a87fa3dd6c619afef17a514dba774af99a8c32f00,1409252360,000000000000000015b343d750945640d16f473b14f690eeab9bb85496fd31b2,2296,317948,BlockChain
0000000000000000290d5408d38bdd0ad3e09f41b8ca573faf3e518ac7282fde,459401,0000000000000000290d5408d38bdd0ad3e09f41b8ca573faf3e518ac7282fde,1409246550,000000000000000012095ef063ad118fe162baedea20035630f33a92f367aa3b,457,317944,BlockChain
00000000000000000577b1ede75728e5712d49ae382e95bba19ac84f21186a3e,459396,00000000000000000577b1ede75728e5712d49ae382e95bba19ac84f21186a3e,1409243662,000000000000000021c28dc32394cff160808636792b8e76b62de74995202e50,621,317939,BlockChain
000000000000000023ed8e1770d9626583ee0923dc995024d5316fc8da102fe9,459251,000000000000000023ed8e1770d9626583ee0923dc995024d5316fc8da102fe9,1409177278,00000000000000001959d465e214404f704f1430fd9bdc1bc3f8ffd99b84e8d6,412,317800,BlockChain
000000000000000018b01e93c7caaed765b7ff478f2dcc7ae6364bfcf97fe2f8,459242,000000000000000018b01e93c7caaed765b7ff478f2dcc7ae6364bfcf97fe2f8,1409172305,00000000000000001352b6495239e59aa739c38671c443022a47fd8ec9f8b5e6,61,317792,BlockChain
0000000000000000254ba19df962d75183412f0fad3338715c65b1b74365f9da,459201,0000000000000000254ba19df962d75183412f0fad3338715c65b1b74365f9da,1409158468,000000000000000001e6697e863a0bf2da124b81b7900fa18609fe5c82b3a693,198,317757,BlockChain
00000000000000001ec8cc5bc94e476ebeee1437ae9940817afdb3f935834d27,459187,00000000000000001ec8cc5bc94e476ebeee1437ae9940817afdb3f935834d27,1409150499,00000000000000000bbd6f6a1133ea94900142fb7913766a171bb5a74092d6ce,1709,317743,BlockChain
00000000000000001ec8cc5bc94e476ebeee1437ae9940817afdb3f935834d27,459187,00000000000000001ec8cc5bc94e476ebeee1437ae9940817afdb3f935834d27,1409150499,00000000000000000bbd6f6a1133ea94900142fb7913766a171bb5a74092d6ce,1709,317743,BlockChain
00000000000000000d31b5c61bfeb45db81a41e000c7a09d8b07647c72074482,459080,00000000000000000d31b5c61bfeb45db81a41e000c7a09d8b07647c72074482,1409087395,000000000000000001693cc1390316bcbacb78653d6d13e9f7ee4c219c3d2e83,805,317636,BlockChain
0000000000000000086bb4c3a8240a08994887b1adf8cdc78452d196b21ea046,459074,0000000000000000086bb4c3a8240a08994887b1adf8cdc78452d196b21ea046,1409085146,00000000000000001421fc8e622f81f1bb4ddc146bc218f37b80de994e0e43b3,1347,317630,BlockChain
00000000000000001421fc8e622f81f1bb4ddc146bc218f37b80de994e0e43b3,459073,00000000000000001421fc8e622f81f1bb4ddc146bc218f37b80de994e0e43b3,1409083776,00000000000000000052af5f1fc5ea2b1cb5444006aa6b0176fc5883960a5ad2,757,317629,BlockChain
00000000000000002b98958dd1bb85cbb6c15e0bcf64b2806d54c84d1d3d42a9,459068,00000000000000002b98958dd1bb85cbb6c15e0bcf64b2806d54c84d1d3d42a9,1409082177,00000000000000000a51f599f2a8b3e8be9744185cf3ac53309590771e346b41,411,317624,BlockChain
00000000000000000836eebc016acc9e65f368cd00cffed165b0608ea289da72,459005,00000000000000000836eebc016acc9e65f368cd00cffed165b0608ea289da72,1409056739,00000000000000001d78f7ebde05a4b086822a8323c17864d29762a2e4ec71f2,336,317562,BlockChain
0000000000000000293a691c8d22d5fe296939c39c2b4ad4c43bcec93d023783,459018,0000000000000000293a691c8d22d5fe296939c39c2b4ad4c43bcec93d023783,1409062175,00000000000000002960d128679eb86a2d87ff45251f04de62ff6cb72fc1db32,339,317575,BlockChain
0000000000000000054ef7ce2f517748fdc00ba7b5f2dc558e3f2dd9e99cfe7a,459000,0000000000000000054ef7ce2f517748fdc00ba7b5f2dc558e3f2dd9e99cfe7a,1409055726,0000000000000000018986dbe5c8ac76c4afb25d1f52d1925750e4a9eb8438a0,1284,317558,BlockChain
00000000000000000fac4ee314fdfe220eedfe80768fd8cebd01ec9d9327b7d4,458997,00000000000000000fac4ee314fdfe220eedfe80768fd8cebd01ec9d9327b7d4,1409052852,00000000000000000a62f6d10d79bc163ed0133cb18b41f1287af165b164afac,321,317555,BlockChain
0000000000000000064a44eedf92f01bb40cb1064d809e993c98fef41db93419,458901,0000000000000000064a44eedf92f01bb40cb1064d809e993c98fef41db93419,1409001176,000000000000000002208479f9d6db548caeab24ddf77e88bf57188d0a8ebf92,185,317460,BlockChain
00000000000000002cb5924a758399e251c5886226cd55a6df39372ee4ddc84e,458895,00000000000000002cb5924a758399e251c5886226cd55a6df39372ee4ddc84e,1408998140,0000000000000000195aa1f4d8f8be89995cdfc3f86f5869c50710bc9e3e674a,773,317454,BlockChain
000000000000000003e3c44f67a051656445a81d48983058129de3687376d97d,458892,000000000000000003e3c44f67a051656445a81d48983058129de3687376d97d,1408995894,00000000000000000cec46c20ab8a28fcfa40b675a036d3b3e624a632b0c5846,213,317451,BlockChain
00000000000000000b34769196ff0a537efdd0977af0d755a0803a6fd8235073,458883,00000000000000000b34769196ff0a537efdd0977af0d755a0803a6fd8235073,1408990017,0000000000000000013f6d1aee2e81302810b5300ebad2fa56b592a87e1fdd20,930,317442,BlockChain
00000000000000002b644b8aa1cb25c9e8735b0b210cc12778e68731709d9e6b,458865,00000000000000002b644b8aa1cb25c9e8735b0b210cc12778e68731709d9e6b,1408980691,00000000000000001294d3f8553916d1ca0bd476410d0389e53280a26e363f41,175,317425,BlockChain
0000000000000000129c84bf2fd5fc3860e3c5373201e0f5876e3e6dfffbed57,458843,0000000000000000129c84bf2fd5fc3860e3c5373201e0f5876e3e6dfffbed57,1408965940,000000000000000016d1f6ba225721a0835f504a5c28f515387f91a3ffb8743f,624,317403,BlockChain
00000000000000000cfd3bec56028175507ee3a9ff16b4e89fe482e2e9651dca,458703,00000000000000000cfd3bec56028175507ee3a9ff16b4e89fe482e2e9651dca,1408880419,000000000000000007cd3bd36a1f2c27a945c4195520e04406beeb0c5e79bc1c,422,317263,BlockChain
0000000000000000020e07b15c9a389fb7445de0389fd40a37409d3c42a6223e,458700,0000000000000000020e07b15c9a389fb7445de0389fd40a37409d3c42a6223e,1408878906,00000000000000002060261b4c216af5ebdb5208c822b65f7b4a4eff912ec6b4,859,317260,BlockChain
00000000000000000b79d111c97b1019362eef8cf3a41c90228278ce059b5d02,458674,00000000000000000b79d111c97b1019362eef8cf3a41c90228278ce059b5d02,1408858648,00000000000000000a01fb7d702ca3052a91fcd9d98e43f995b1c43c16655503,35,317236,BlockChain
000000000000000014d8429858a9e35c8a9805e0276c4e84d6362bc5b9359d26,458664,000000000000000014d8429858a9e35c8a9805e0276c4e84d6362bc5b9359d26,1408852528,000000000000000011408b96065c337dfa30bf08803767dfc82fa2715973a47f,342,317226,BlockChain
00000000000000001416a33049de61788698709350d1a229d4c8e78211037d21,458100,00000000000000001416a33049de61788698709350d1a229d4c8e78211037d21,1408564113,0000000000000000264a35d535d6c69a6a41dadc9c2f39ff81721e941301a9dd,108,316671,BlockChain
000000000000000011148d787bddfdcf7240ff696afe162fe8971702754db751,458094,000000000000000011148d787bddfdcf7240ff696afe162fe8971702754db751,1408562162,00000000000000000c7c0eb90dee890ebea07d5eadb135c900218233b16d901c,966,316665,BlockChain
000000000000000008bd83f1b5d2dcd88868d3f5959078a2f622e2efaecf0cdf,458039,000000000000000008bd83f1b5d2dcd88868d3f5959078a2f622e2efaecf0cdf,1408530163,00000000000000002481c0199e6b83fb660ddda3573e2e10703b5cf001148802,745,316610,BlockChain
000000000000000013687e937cbfb6f0f5f872c417d6b6777b49a94d26fec73e,458036,000000000000000013687e937cbfb6f0f5f872c417d6b6777b49a94d26fec73e,1408528141,0000000000000000041665d54d2a3243628a7105c04f45268b20a235c3e172a8,329,316607,BlockChain
00000000000000002bf4d28ea2ac3a87b2dac381166953173448925d8fd4a315,457963,00000000000000002bf4d28ea2ac3a87b2dac381166953173448925d8fd4a315,1408489420,00000000000000001f1befea7556d44fbf94887ab05218f5caf3909a9605111a,425,316534,BlockChain
00000000000000002a98ec39f72562f90ea167fac05e052ed008fbbeda8eab83,457957,00000000000000002a98ec39f72562f90ea167fac05e052ed008fbbeda8eab83,1408486523,0000000000000000134bd691a2c90a9c5fad64e8f69ae08d39be3e26b894aef5,176,316528,BlockChain
00000000000000001f8076b5017546ba5f00d059fd3c280cfb0f53e92d9ead2e,457933,00000000000000001f8076b5017546ba5f00d059fd3c280cfb0f53e92d9ead2e,1408473088,00000000000000001e848634e2e5ec5fbd3dad8fc8d927e8a83ac784263e9dfb,482,316505,BlockChain
00000000000000001d54adc8a152c798ddfe7d7f0d9386a2eff042479e2825ab,457930,00000000000000001d54adc8a152c798ddfe7d7f0d9386a2eff042479e2825ab,1408471594,0000000000000000002d76090ebb4d8ec0bd7be9b9e1e7b99d865638fc0b18f9,328,316502,BlockChain
00000000000000002cda41f92c334dd938c4d9a4380a07b101af2fbaea0823ce,457916,00000000000000002cda41f92c334dd938c4d9a4380a07b101af2fbaea0823ce,1408461316,00000000000000003148bd927a837eec6fda88ae623ca72aab7ade69ba85dbbe,187,316488,BlockChain
0000000000000000080f8ffd7efd5477a32a1c5c27d94b6844a6b5f5d60923e9,457906,0000000000000000080f8ffd7efd5477a32a1c5c27d94b6844a6b5f5d60923e9,1408456134,0000000000000000081ab5a674a59761b5d4cee2faf510b16f720860b6146068,902,316478,BlockChain
00000000000000003196cf2611df2273d4292928f97b3bb7b8f7e80280fa34cb,457773,00000000000000003196cf2611df2273d4292928f97b3bb7b8f7e80280fa34cb,1408402473,00000000000000002be4f6c511a39918933a2128e5d127863b140549e31066cb,1004,316347,BlockChain
00000000000000000549c4abf31caf01787c292c6f7cd57904e8b16e0e9148b7,457762,00000000000000000549c4abf31caf01787c292c6f7cd57904e8b16e0e9148b7,1408399328,0000000000000000014ce302a1556da7e937ea869b150529e603b72433556359,1976,316336,BlockChain
0000000000000000324ed5ec16fed027599076a1d1ecdf0f13b542c4f3739dc2,457216,0000000000000000324ed5ec16fed027599076a1d1ecdf0f13b542c4f3739dc2,1408131172,000000000000000014fb3dc128cb36933ff6c7ea5e95249290a93fe4b97b621a,76,315797,BlockChain
000000000000000017fcdc6aed716997070bd528dfe72dabaf4b70531428675b,457213,000000000000000017fcdc6aed716997070bd528dfe72dabaf4b70531428675b,1408130144,00000000000000002a2018e727bd9cb2b15cf6c078f38ef578c0e57ce29cf606,1293,315794,BlockChain
00000000000000002ab465fbf73c87f52812113f00eb45c9ed5542ca14f3536f,457159,00000000000000002ab465fbf73c87f52812113f00eb45c9ed5542ca14f3536f,1408104244,00000000000000003601d8df7592d52db09ce2967352df873c38730664764ebf,233,315740,BlockChain
0000000000000000130f92f41a9f4ff6aa73abac41a89b20d30c20afe9f417d0,457157,0000000000000000130f92f41a9f4ff6aa73abac41a89b20d30c20afe9f417d0,1408103297,000000000000000028c3b00903358835fae961961db3a5d1e5d154b64b6e72a6,543,315738,BlockChain
00000000000000000fa8ed5533f5ea4c849a0ecec5bed89eb38a56f0eff8148b,457067,00000000000000000fa8ed5533f5ea4c849a0ecec5bed89eb38a56f0eff8148b,1408052749,00000000000000001005b4122f40d2d54328790a4ebdd7dea468dcebb0531c72,212,315649,BlockChain
0000000000000000226399eb44eba85df2d4ae37afafeaf5e2c2f7a10a6402d7,457064,0000000000000000226399eb44eba85df2d4ae37afafeaf5e2c2f7a10a6402d7,1408051520,00000000000000002e5270e24ad4a1d1836a36db8359bf257f98cbf9a1a220a7,148,315646,BlockChain
00000000000000002a3b0954fbfe59cc39c1b09e79f0ca34e460a26fd0530bca,456889,00000000000000002a3b0954fbfe59cc39c1b09e79f0ca34e460a26fd0530bca,1407968566,0000000000000000291c45ab93d99dd92b7ade1370933e9e83019a7c2f9f508d,901,315478,BlockChain
00000000000000000c5e1fc7c6e94679ac71e6fe5b38b67a0e4eef7ba3194940,456884,00000000000000000c5e1fc7c6e94679ac71e6fe5b38b67a0e4eef7ba3194940,1407966814,0000000000000000142893bd78a46bf8d1ff82ed34bfc4638535abd53351f2f5,1581,315473,BlockChain
00000000000000001b96fbb97ade0c794c41dd62e9647bc5dcba7d3b98f3e09b,456865,00000000000000001b96fbb97ade0c794c41dd62e9647bc5dcba7d3b98f3e09b,1407954239,00000000000000000c1471b83b380018a176bc0b05ae4872ce28cda486a54cd3,325,315454,BlockChain
000000000000000011fbe2c182a71786949bdc74177f31e42474ecb35e482664,456855,000000000000000011fbe2c182a71786949bdc74177f31e42474ecb35e482664,1407948465,00000000000000001b7e083a4099ba74480cc6ae126b3f14543da7e0b74b2aba,1679,315444,BlockChain
000000000000000026d774950d4801943c44ef726c62cdbf993627a7fb361623,456840,000000000000000026d774950d4801943c44ef726c62cdbf993627a7fb361623,1407937694,000000000000000016f46bd78315a189a49499b9c37d91fdbc23e81a7e7e69d0,146,315429,BlockChain
00000000000000001c51485334cd77cec5e094d264d8e0dfdbf9a9c26b00622b,456833,00000000000000001c51485334cd77cec5e094d264d8e0dfdbf9a9c26b00622b,1407934490,000000000000000008bb53f3ff10ad173c98d02ac542220bebd0656480a3889f,349,315422,BlockChain
00000000000000003291521cbdb7299b530b0cd31a1a608836f4e4dc0d84958e,456656,00000000000000003291521cbdb7299b530b0cd31a1a608836f4e4dc0d84958e,1407840942,00000000000000003798fac37a9b831ea447bafb973ac64a00dee7686ecfc036,237,315245,BlockChain
000000000000000026edc4e44126c561ce85b20b8b14aacbc8eceb204305c4bd,456652,000000000000000026edc4e44126c561ce85b20b8b14aacbc8eceb204305c4bd,1407839293,000000000000000005ba073e00b2ef405f981e29a0ab69e5bc0c3facf3f1d651,934,315241,BlockChain
000000000000000027b5aa2a22c40fabbd7e9e53f193c57174deee43cea930d8,456349,000000000000000027b5aa2a22c40fabbd7e9e53f193c57174deee43cea930d8,1407699186,000000000000000019e001d8b0d4adc6361dd4a4227e64ef3ff4e11937941150,271,314940,BlockChain
00000000000000000b5982cbdd55d1c1f28f18fbbd18af83bd48f6502a1c2aa0,456343,00000000000000000b5982cbdd55d1c1f28f18fbbd18af83bd48f6502a1c2aa0,1407695831,00000000000000000ef390e49efe856be3f28ce4149a48b132b6101370b77665,907,314934,BlockChain
000000000000000022180be18a608dee5700976fb51df0a10724a0a24dd47ddf,454711,000000000000000022180be18a608dee5700976fb51df0a10724a0a24dd47ddf,1407442683,000000000000000012f9ee6934f16c655bf531e58c0eb9f6bd5c02594d715e3c,342,314436,BlockChain
000000000000000008ca55a5b30d7b3e41134289f593c82757227d7473e726af,454708,000000000000000008ca55a5b30d7b3e41134289f593c82757227d7473e726af,1407440256,000000000000000022c4b39e297ff99472bf5a8fc5b7d18d7b736567d2638977,400,314433,BlockChain
000000000000000012aa08038bd2519b51784cc4e8459409caf88608733fb479,454689,000000000000000012aa08038bd2519b51784cc4e8459409caf88608733fb479,1407432523,000000000000000034be919e52ea26f68be3655ac381696ab030748730e78d84,1207,314415,BlockChain
000000000000000034f7fafd03bb06010cde3a57d70d24aa188b9bc5b8a536a3,454685,000000000000000034f7fafd03bb06010cde3a57d70d24aa188b9bc5b8a536a3,1407430169,00000000000000000410e45c09472a965c68db7348ad9ca01db430fb15426c4e,824,314411,BlockChain
000000000000000032aea4a533ef0e69ec2242dc45bc033548d89eba726c10a9,454680,000000000000000032aea4a533ef0e69ec2242dc45bc033548d89eba726c10a9,1407426103,00000000000000001d0a497098de4cef70cf3f92505fd5e9af221d6227bdef70,1150,314406,BlockChain
000000000000000022aab10955ad55967e650990905cc2b73c58fb54e05da25c,454667,000000000000000022aab10955ad55967e650990905cc2b73c58fb54e05da25c,1407418084,00000000000000000dc8db6f89b2eeaeb3d0cdf3d5aae50c125e082bfa97ff7c,549,314393,BlockChain
00000000000000002b7f76636bd82ddac99dca493489a28a3c4f65015b060fe8,454412,00000000000000002b7f76636bd82ddac99dca493489a28a3c4f65015b060fe8,1407283638,000000000000000003452177b09902803bdad94d342a6df1cbd3928aa92a54e8,1299,314142,BlockChain
00000000000000001e82c139cb587bb061af110fee34c8eb7c6d8b323fe18f32,454388,00000000000000001e82c139cb587bb061af110fee34c8eb7c6d8b323fe18f32,1407268393,00000000000000002b8d51a12a119d612cf59d7ff9443b07cc31470f30696cb9,1232,314118,BlockChain
0000000000000000347f25a3eef857d5c21844420aac0939a3f4a629ab81a30f,454135,0000000000000000347f25a3eef857d5c21844420aac0939a3f4a629ab81a30f,1407103382,000000000000000037cb23e95c6efb98f9506e4d634663e9b7ff4d23edf992a6,82,313868,BlockChain
000000000000000031e9ab3c1b42b475205fbc2850bed468f4b84a511ff91953,454128,000000000000000031e9ab3c1b42b475205fbc2850bed468f4b84a511ff91953,1407101440,00000000000000000f3225b35674efc90e8155666ca68ab612a5546b03d6b4c0,1319,313861,BlockChain
00000000000000000a54bfc7ccc6fadb77c03f2f8665436212c24273f95a6ae0,453777,00000000000000000a54bfc7ccc6fadb77c03f2f8665436212c24273f95a6ae0,1407024390,00000000000000000622bb8d8a5d015b0f98644170ec181cfc0d175de738b562,804,313724,BlockChain
00000000000000002960b53bc9360023ad8e4d82c6222be42e0c4635ba384572,453758,00000000000000002960b53bc9360023ad8e4d82c6222be42e0c4635ba384572,1407012284,00000000000000000d9a5f3801d75879b471e2eabf9c9cbe5469ad0987b0200d,309,313705,BlockChain
000000000000000002c3285da469e02f78e15e69f94fbeece67ffdfb8da865fd,453612,000000000000000002c3285da469e02f78e15e69f94fbeece67ffdfb8da865fd,1406937959,0000000000000000081667c5ca9a53fa9a4247300d61f5ceb8cf0f149d6a8d95,151,313562,BlockChain
0000000000000000207690e68bcae0735f8d9e2d714c1ff1f25b9894bc44b033,453589,0000000000000000207690e68bcae0735f8d9e2d714c1ff1f25b9894bc44b033,1406926441,00000000000000002169219ba74b54104140ae00035ffe8f057c5eb386eaeee1,412,313539,BlockChain
00000000000000002e4252be6ace1bd1a6ceeb91b8515d353de53b3e92df629d,453454,00000000000000002e4252be6ace1bd1a6ceeb91b8515d353de53b3e92df629d,1406852647,00000000000000000ba9c5f38539c42712c0517eb51403c0f8db0431a93a3c1e,567,313405,BlockChain
0000000000000000270172b777c4161e188b4e84b630d1c745ea6cfa41563eff,453415,0000000000000000270172b777c4161e188b4e84b630d1c745ea6cfa41563eff,1406829069,00000000000000001fc476e4bec16b16e3b47cb5a6d4a8b8f56f353c5c2315fd,740,313366,BlockChain
0000000000000000187940e8efbc82edfc01101ac5a0b18ed3688196e5878105,453403,0000000000000000187940e8efbc82edfc01101ac5a0b18ed3688196e5878105,1406822224,0000000000000000229542a3dd22e4e06fdd0d7a551a2be50ed26b0ec00a2e7c,1444,313354,BlockChain
00000000000000002ff016ed03947832697f3b1784bfc458ab89439be9331264,453393,00000000000000002ff016ed03947832697f3b1784bfc458ab89439be9331264,1406816865,000000000000000038b3a194df871bf3d2fae34ac6cd8e2ca2063587fc919028,788,313344,BlockChain
00000000000000000a8d01ad5adccbf561e1354673c308f3b0b3af762b613882,453300,00000000000000000a8d01ad5adccbf561e1354673c308f3b0b3af762b613882,1406766666,00000000000000001dea8b0717cc9d0d2915357ab90d07aea38c3b1456995803,162,313252,BlockChain
000000000000000014c41f250d414e9e0951df06b1a0523290ed981083bad0bc,453303,000000000000000014c41f250d414e9e0951df06b1a0523290ed981083bad0bc,1406768168,00000000000000002ca0b12f60833a950f4a014ddce4c5ce929600fd922c8b54,254,313255,BlockChain
000000000000000025836ddbbdc38b25183c1edd426c8e9e005343e5183c1a04,453231,000000000000000025836ddbbdc38b25183c1edd426c8e9e005343e5183c1a04,1406732410,000000000000000027a64222ebfd4685900b80ba33a8a85dca1ec9e857d70fb3,551,313183,BlockChain
000000000000000016f56dec5b2b96baa26279b6025e7970c39739936ac4c8b8,453218,000000000000000016f56dec5b2b96baa26279b6025e7970c39739936ac4c8b8,1406726271,00000000000000002d80d444a356fcc5bbfbf0f8a876a217b4621338c78625fa,726,313170,BlockChain
000000000000000004713850341e616e7b849b15729ab61d8f6981488095cf92,453087,000000000000000004713850341e616e7b849b15729ab61d8f6981488095cf92,1406658295,000000000000000013fed4f5ee87349c6d8f1fbef74e1a4123fd5bb0a0c2eb5b,663,313040,BlockChain
000000000000000006fa926f4a7e1a3666838e9193259a73ea8a36e306b4561b,453056,000000000000000006fa926f4a7e1a3666838e9193259a73ea8a36e306b4561b,1406639856,00000000000000000c2590c738b9f9468133876e74a0bb767fb6254204a25d00,1327,313009,BlockChain
00000000000000001c8f8ad98557734ca28e40d5bfa94ee39c0af2665d8cdc4d,452826,00000000000000001c8f8ad98557734ca28e40d5bfa94ee39c0af2665d8cdc4d,1406508376,00000000000000001dbc64aaa546014bd21494185f31b5460f8cf98b8331325e,476,312783,BlockChain
000000000000000008fff78278b43caf2ab414514046ef96546ac1116dd5f197,452828,000000000000000008fff78278b43caf2ab414514046ef96546ac1116dd5f197,1406509978,0000000000000000382ce062d69a2ffb383a79ce1a1775a56142be0820c30a78,302,312785,BlockChain
000000000000000008fff78278b43caf2ab414514046ef96546ac1116dd5f197,452828,000000000000000008fff78278b43caf2ab414514046ef96546ac1116dd5f197,1406509978,0000000000000000382ce062d69a2ffb383a79ce1a1775a56142be0820c30a78,302,312785,BlockChain
000000000000000005482522441fae4fdf6e05dad41ea6f7340d807144825e83,452804,000000000000000005482522441fae4fdf6e05dad41ea6f7340d807144825e83,1406488142,000000000000000031392a374f3249e215aebba5770faac71da0ac9e62906b74,1017,312761,BlockChain
000000000000000017d0a3c8050f9c370e4308884b1b678fc42d68afe0d97621,452773,000000000000000017d0a3c8050f9c370e4308884b1b678fc42d68afe0d97621,1406471347,0000000000000000171b10cd4798329f374c5897409723e6c31e9d029ad4170a,849,312731,BlockChain
0000000000000000140ca7fd2ad08d5ce1e85901fadf93e13e223e92986e30af,452761,0000000000000000140ca7fd2ad08d5ce1e85901fadf93e13e223e92986e30af,1406466140,000000000000000002c9cd930074aed13022dc9aba601e27e9a0f0648ce5e295,575,312719,BlockChain
000000000000000027a86c683dd1786c7949f51e560633d02b06bf5ebcb9c75f,452751,000000000000000027a86c683dd1786c7949f51e560633d02b06bf5ebcb9c75f,NA,00000000000000002b0335afcb8d9809173d107805ac2688a7b7e90b74e64cb5,270,312709,BlockChain
0000000000000000285c4bdd7ea59bacb9b145de7dfd7eeb4ca9e11e01f512a3,452746,0000000000000000285c4bdd7ea59bacb9b145de7dfd7eeb4ca9e11e01f512a3,1406457800,0000000000000000041395e59b1985ff03a89fc20c9bd38400ed7d70eea07446,359,312704,BlockChain
00000000000000000b99d25aff2b926a16be612798bba2130fcddec3bcdce8ab,452177,00000000000000000b99d25aff2b926a16be612798bba2130fcddec3bcdce8ab,1406139107,00000000000000002a17485e36a41de6ab4302212e9f9c06766f9cf06e7485b8,648,312146,BlockChain
0000000000000000291b9ff4546da343dd1aab4bdd07cbc234f4745022a76fe3,452173,0000000000000000291b9ff4546da343dd1aab4bdd07cbc234f4745022a76fe3,1406138250,00000000000000000af8c8a365ad64db2ad629d8ab3370e6e3653b50e6c56487,741,312142,BlockChain
00000000000000000af8c8a365ad64db2ad629d8ab3370e6e3653b50e6c56487,452172,00000000000000000af8c8a365ad64db2ad629d8ab3370e6e3653b50e6c56487,1406137499,00000000000000000f8ecf6fc4c9991319b38ab1928ba2f0d7954267ebac5156,257,312141,BlockChain
0000000000000000009b7477aabfc194eb4bad3a7d1932155401c6b61e43003a,452158,0000000000000000009b7477aabfc194eb4bad3a7d1932155401c6b61e43003a,NA,00000000000000002d1b6c134b02da3c5d7a3d17290db9cb732c363a6fc190f6,1167,312128,BlockChain
0000000000000000009b7477aabfc194eb4bad3a7d1932155401c6b61e43003a,452158,0000000000000000009b7477aabfc194eb4bad3a7d1932155401c6b61e43003a,1406127602,00000000000000002d1b6c134b02da3c5d7a3d17290db9cb732c363a6fc190f6,1167,312128,BlockChain
000000000000000036091b115e8b5b71b05b9b181945e49b2bc411259e483a56,452154,000000000000000036091b115e8b5b71b05b9b181945e49b2bc411259e483a56,1406125121,000000000000000037875ecdcdac6a26779cfd6da80486e2f2ae729ef332e810,533,312124,BlockChain
000000000000000014499d5fa96bfe68046575070fe6a36d0ccaa6d07c3add41,452151,000000000000000014499d5fa96bfe68046575070fe6a36d0ccaa6d07c3add41,1406122718,000000000000000001fcd0ac4fb6b1d2386c09d450a16bca857ec715594c4de2,551,312121,BlockChain
000000000000000015598269a9f2ab86858333fb130bc1b1d5a23885699e5fcf,452145,000000000000000015598269a9f2ab86858333fb130bc1b1d5a23885699e5fcf,1406117179,000000000000000004d3fd06c165954f07637db126d4241e81464718eaffda28,1369,312115,BlockChain
000000000000000004d3fd06c165954f07637db126d4241e81464718eaffda28,452144,000000000000000004d3fd06c165954f07637db126d4241e81464718eaffda28,1406115051,00000000000000001bd7d2b75d867e3ae2d91698551ee64efea2124ab908f6dc,790,312114,BlockChain
00000000000000002b1969c6d630cfac81b443e90a6e8fb3ac57fcb4c1c93a99,451498,00000000000000002b1969c6d630cfac81b443e90a6e8fb3ac57fcb4c1c93a99,1406055686,0000000000000000212f146d322552b2492424dd82b3b5a28fcb8ce57e00cd3a,628,312012,BlockChain
000000000000000026105b247dc623aed65fcdfafda9459902812ad6e5dca121,451485,000000000000000026105b247dc623aed65fcdfafda9459902812ad6e5dca121,1406052368,00000000000000000d47380a4fe792b6dc882a6ac1e4cc6bfea3aca21e58b24a,262,311999,BlockChain
0000000000000000185c0cc0b25c09160f0f7c57097a60cdaf4c4dc498f0649e,451297,0000000000000000185c0cc0b25c09160f0f7c57097a60cdaf4c4dc498f0649e,1405940607,00000000000000000a3d5d1a2c3ab04ebdcd3846bf0f1076f360f9bc53dc5e08,366,311812,BlockChain
000000000000000019d459fb1dbc17633f5ca2df6c8d7732ffa3f6b6b9c30bb4,451294,000000000000000019d459fb1dbc17633f5ca2df6c8d7732ffa3f6b6b9c30bb4,1405938877,000000000000000037a22d09bbda64731fdf7b96821fa85c1a0f14d3053ba1fb,77,311809,BlockChain
00000000000000000a3d5d1a2c3ab04ebdcd3846bf0f1076f360f9bc53dc5e08,451296,00000000000000000a3d5d1a2c3ab04ebdcd3846bf0f1076f360f9bc53dc5e08,1405939995,000000000000000007409c2ccf3b2ccbb2032b7d50d774928328b4f485a14b24,624,311811,BlockChain
00000000000000000597ec9e240be05c90b94506588bcd8a1da21e7abe1190cc,451285,00000000000000000597ec9e240be05c90b94506588bcd8a1da21e7abe1190cc,1405934916,00000000000000002ad3bf9747646364c0cc5b2f2cf1c93a71478cfcf15739b2,566,311800,BlockChain
00000000000000000f2e9e1b42bf80e2fc55daf874f2dc5332ded4c949f375b6,451261,00000000000000000f2e9e1b42bf80e2fc55daf874f2dc5332ded4c949f375b6,1405921173,00000000000000001d10ba99f344b3afe385b4c0652792e90e17d644d83d5644,466,311779,BlockChain
00000000000000001fc2567746eca259d0ec1183f65dc5a9f9a6dd71b20799a8,451156,00000000000000001fc2567746eca259d0ec1183f65dc5a9f9a6dd71b20799a8,1405860750,0000000000000000234afb249a3a5cfd133e5d31dca626d84574c424ca1ee629,161,311676,BlockChain
0000000000000000294f8ffa4c39067504c7e35b944f0e49b822d6a878795cab,449037,0000000000000000294f8ffa4c39067504c7e35b944f0e49b822d6a878795cab,1405557725,00000000000000002629e2a82d2b2707886695aa318ca8c718fa9ca15e3ae6ba,257,311071,BlockChain
00000000000000002b808b985c31d6707c99fba0c67f95ee0eee0e66de4f77ae,449036,00000000000000002b808b985c31d6707c99fba0c67f95ee0eee0e66de4f77ae,1405556601,0000000000000000126955f806583e1f5a940b16a9d4778db88dada86da9a719,293,311069,BlockChain
00000000000000003a376a8c103aef16107ac91c535c6635bac074b8a9374a42,450636,00000000000000003a376a8c103aef16107ac91c535c6635bac074b8a9374a42,1405555688,000000000000000005ab99cfbc31797808a9c72d3a5d0e02a8acc78567939d9f,722,311067,BlockChain
0000000000000000126955f806583e1f5a940b16a9d4778db88dada86da9a719,449035,0000000000000000126955f806583e1f5a940b16a9d4778db88dada86da9a719,1405556314,00000000000000003a376a8c103aef16107ac91c535c6635bac074b8a9374a42,499,311068,BlockChain
000000000000000029fd7e58329c84fee4bd709080e19f9e94c65ffc82eb0618,450628,000000000000000029fd7e58329c84fee4bd709080e19f9e94c65ffc82eb0618,1405541227,00000000000000000598ae84c44ec2465c8dd7d7e268d26cc669f2dbe1b9994d,1202,311047,BlockChain
000000000000000019e1519641c95a2546ab739a03a5bfa8e41955f75208e6f5,450626,000000000000000019e1519641c95a2546ab739a03a5bfa8e41955f75208e6f5,1405539784,000000000000000035a0eff97a0e1dd280fa6659bcd555eb927238293f1f1a16,520,311044,BlockChain
00000000000000003d50a5498434d8a383694b462b0fd86bb090c9b1b4a7fae8,450624,00000000000000003d50a5498434d8a383694b462b0fd86bb090c9b1b4a7fae8,1405538889,000000000000000032e395f70cb49b48d9e6a5fd6de4fca88b7af9ac53f03442,681,311042,BlockChain
000000000000000006e85e1751cb8e02c3fac74678205bdc1f668dcf6998b8b4,449016,000000000000000006e85e1751cb8e02c3fac74678205bdc1f668dcf6998b8b4,1405528642,00000000000000002dba306e59cd8c63eee014c19bb31e5ad1537c4cc3ef1ab5,915,311027,BlockChain
000000000000000030b0f8f369707600d175910efcd44d8fdd09d99dcb039c3f,450590,000000000000000030b0f8f369707600d175910efcd44d8fdd09d99dcb039c3f,1405501621,000000000000000018e6da60ba649f9454bf3000aa916d8aec37724dd5863664,408,310990,BlockChain
000000000000000030b0f8f369707600d175910efcd44d8fdd09d99dcb039c3f,450590,000000000000000030b0f8f369707600d175910efcd44d8fdd09d99dcb039c3f,1405501621,000000000000000018e6da60ba649f9454bf3000aa916d8aec37724dd5863664,408,310990,BlockChain
000000000000000002a435972ecea6f14ebc155be66e4f67a6d3d76ac14d45a1,448971,000000000000000002a435972ecea6f14ebc155be66e4f67a6d3d76ac14d45a1,1405472862,00000000000000002c13a4a140e477d2b2121dccd65755802205b67f7aa98fff,83,310930,BlockChain
000000000000000021d3b4a3abeffe043c8daffa7bb48da1bc39ed9a3697988c,450520,000000000000000021d3b4a3abeffe043c8daffa7bb48da1bc39ed9a3697988c,1405440909,0000000000000000388f77abada4c126bef4518e95961deafe1d67e390971217,547,310861,BlockChain
000000000000000030ee695ed61880524ed09a470ec5de14bac043b55f8da636,450241,000000000000000030ee695ed61880524ed09a470ec5de14bac043b55f8da636,1405125716,000000000000000039633a93b5f062355d87122c253bde429d0dc8bbb2adef3f,238,310317,BlockChain
000000000000000008b1689738a6531213786b9637670b2b8d67c9fa87421b91,448633,000000000000000008b1689738a6531213786b9637670b2b8d67c9fa87421b91,1405085675,00000000000000000cdee94ffea7cb7537c8d69d30b184df52306982bbdd4545,1713,310250,BlockChain
00000000000000002236dc542d87c22d1248811dcd47c7e73dc2440210956c5f,448624,00000000000000002236dc542d87c22d1248811dcd47c7e73dc2440210956c5f,1405072774,000000000000000013777bcd7eb9ae81522926ce1deff250ab023792e3aabbeb,411,310235,BlockChain
000000000000000038fa68e1eccd6d5f5764fcccab5440a157bcda6656f69d5c,450015,000000000000000038fa68e1eccd6d5f5764fcccab5440a157bcda6656f69d5c,1404870906,000000000000000018c34a73ea013af4c19cd89dc799e8ec81129aaf31f1f8d7,898,309858,BlockChain
00000000000000002a1c256795b3925f7c0b11d25a75eaf0feabb7b0c05e26de,448403,00000000000000002a1c256795b3925f7c0b11d25a75eaf0feabb7b0c05e26de,1404836525,0000000000000000111e7dd86de681da44f86b6fd43751eafa5a61d56f419dc0,1320,309796,BlockChain
000000000000000021dc344e3b8061e7ebbc265deba073e2144682e38e9ac77e,448346,000000000000000021dc344e3b8061e7ebbc265deba073e2144682e38e9ac77e,1404783684,0000000000000000221ea93075df0d1ad975767c3dbffd5cf02492e41f9f8b17,400,309701,BlockChain
000000000000000030dfaab711cdddedf35f3042b5bd06417c64233bbe197b4c,446315,000000000000000030dfaab711cdddedf35f3042b5bd06417c64233bbe197b4c,1404741899,00000000000000002b6a2dd89c7e19ec0f421e61410dca83c2182b2bbafecf27,2718,309626,BlockChain
00000000000000003bacf3eed844b860862d2141937293059e103c0ee835700c,448264,00000000000000003bacf3eed844b860862d2141937293059e103c0ee835700c,1404696683,00000000000000000eeb9b2aa5c2d62a7da1e81844d1a53e11ff830b9eab0a0a,438,309550,BlockChain
000000000000000032fa7221436aa3199d8d9cfeb406b326e4f1e86d4ba098dd,446281,000000000000000032fa7221436aa3199d8d9cfeb406b326e4f1e86d4ba098dd,1404693109,0000000000000000212afbfb387e9564720283b8f074f307e83ed58e8b7f1f1e,175,309545,BlockChain
0000000000000000023d49f87dd794e1b68fef25f5a13665a71a15cfee4738f5,448235,0000000000000000023d49f87dd794e1b68fef25f5a13665a71a15cfee4738f5,1404661556,000000000000000012ce37f5cfe855098607d0be30d5557f13e8f05304e04a84,718,309492,BlockChain
000000000000000029cf8bd5bd5a46f5c3d7a897b2a17711bdb8c2cf98ebf712,448214,000000000000000029cf8bd5bd5a46f5c3d7a897b2a17711bdb8c2cf98ebf712,1404635438,000000000000000006868a9937ec78bac77dfc7fddcf757864adf39a4b0a3277,778,309448,BlockChain
000000000000000008c30fdec53dddfc87db27d88008748bd000061da0b44153,445970,000000000000000008c30fdec53dddfc87db27d88008748bd000061da0b44153,1404354529,0000000000000000009492c814b80f9ddc201d5779230d6ee642e246d83777cf,320,308954,BlockChain
000000000000000008e0d6ec6702c15f7032f35a1d915eacb9aeb54bd797483c,447961,000000000000000008e0d6ec6702c15f7032f35a1d915eacb9aeb54bd797483c,1404339982,0000000000000000353768478b3f769074dfa1a6934ff0fdb72b8e17d65a454c,456,308931,BlockChain
00000000000000001d00fa02b5d3f1c7c606d57dceee8f1d56bbe55ddbb51aa0,443866,00000000000000001d00fa02b5d3f1c7c606d57dceee8f1d56bbe55ddbb51aa0,1404260032,00000000000000001d49cd8676c2eee30688db16e82665648f612617fe6a25e0,82,308807,BlockChain
00000000000000002b5f6289ae347b937a3a79ee52e3f62432b69be22c204fb9,442024,00000000000000002b5f6289ae347b937a3a79ee52e3f62432b69be22c204fb9,1404232484,00000000000000002c4e44a05283a6f4de801cbbe38117b25dd94c55af7353d4,1503,308768,BlockChain
00000000000000000074c86a3e75302672ca3d72acb9fc5747119fb62c3bcb26,441975,00000000000000000074c86a3e75302672ca3d72acb9fc5747119fb62c3bcb26,1404182227,000000000000000007e7907340436af65ff6bdcad79a1f579ac5d5d919b3f822,1316,308682,BlockChain
0000000000000000303a9f670160a2bcc73f20cf8ad8bedcc0b393b45d808050,441097,0000000000000000303a9f670160a2bcc73f20cf8ad8bedcc0b393b45d808050,1404161214,00000000000000000c135b0dfd6ff8ec599a04557f10c5a03255033310d83fd1,1363,308655,BlockChain
0000000000000000502a93aea4801dc8a8f96e450df97c60ff0ac3f95192da39,441840,0000000000000000502a93aea4801dc8a8f96e450df97c60ff0ac3f95192da39,1404000936,00000000000000004657332e7a038fa9421e0158599cc7d2a707d748f2428442,678,308383,BlockChain
000000000000000004c519cb71abbcd760d7db8f726a59896ac30bdb7cc3adbe,440891,000000000000000004c519cb71abbcd760d7db8f726a59896ac30bdb7cc3adbe,1403954523,00000000000000000b000fd03bb4ebd3e0ad75187e608f4c1886efda41c3f7b0,246,308278,BlockChain
00000000000000000ba4ae51e14a0d50c004709c4e1ddd4d411c804a328e0067,435419,00000000000000000ba4ae51e14a0d50c004709c4e1ddd4d411c804a328e0067,1403744259,0000000000000000315767618031cf4bac3b84dc19fbdda67dfbd8816cb6a24a,404,307843,BlockChain
00000000000000002832d08893da29c35ee3c9c97b086c05a470a57379de9f28,440673,00000000000000002832d08893da29c35ee3c9c97b086c05a470a57379de9f28,1403741004,000000000000000033fef787de46834d375ef2ee9626d968180d6e31be459ca5,402,307834,BlockChain
00000000000000001eac23f99ccd899170eb829a6c96727556876acfccc9aefe,440631,00000000000000001eac23f99ccd899170eb829a6c96727556876acfccc9aefe,1403698688,0000000000000000070640bb35a0d0af83733cbb3cb43f854578674a6b752d2e,1010,307743,BlockChain
00000000000000003ba681afe48dd3361f9dc226e509dea5f44f199bc2618f84,440630,00000000000000003ba681afe48dd3361f9dc226e509dea5f44f199bc2618f84,1403696319,000000000000000011ad8bd227728df1fecc4179fca81a6e47d7f2a8628786d8,547,307740,BlockChain
00000000000000002c7cde11e4de85533e14cfca90e1e83c9810286b2fa1c059,435220,00000000000000002c7cde11e4de85533e14cfca90e1e83c9810286b2fa1c059,1403570631,00000000000000003f263cf55c3b7094a28a04251099b655708bc307d5cdda2b,218,307464,BlockChain
000000000000000047be04566764bf63aea82790cabc5165b872b34630487851,440499,000000000000000047be04566764bf63aea82790cabc5165b872b34630487851,1403574034,000000000000000042c22e03c1b84c3c6baa89ca4125151189791215ed7b4a4a,18,307471,BlockChain
000000000000000003963c3f91015ad36b5e246b3d4252d886b8a3c442cae47c,440448,000000000000000003963c3f91015ad36b5e246b3d4252d886b8a3c442cae47c,1403524937,000000000000000022e90e3224516fda6d34b1fee8ef8b20f271e5013a636a0c,726,307369,BlockChain
00000000000000000832064de1998f6516f31b5861531b1e80d2e7b435106d87,440433,00000000000000000832064de1998f6516f31b5861531b1e80d2e7b435106d87,1403511633,000000000000000051539900d8d67ceb48807b2d880c5262b87ac05412648a69,512,307340,BlockChain
00000000000000000d40c746f3ec796a2cad9737ba290065db2a8367477293b4,434962,00000000000000000d40c746f3ec796a2cad9737ba290065db2a8367477293b4,1403313524,00000000000000003c72e5908eaafb2643ab29a050f534d9a623a4e6e5d8c6e0,495,306925,BlockChain
00000000000000003de67419390c1453767fffd690642faab28961cd7470dfff,434959,00000000000000003de67419390c1453767fffd690642faab28961cd7470dfff,1403309692,000000000000000040c1b39194e89c4f737d9d8f11247f48874c109c5fc78ebf,236,306919,BlockChain
000000000000000047bcf7c9b4cb1e9b19feb200d4f2474fd1543f8959965523,440160,000000000000000047bcf7c9b4cb1e9b19feb200d4f2474fd1543f8959965523,1403275650,0000000000000000185cbc05b37ec3d9f45ac2c446509e79ed6437329be29a85,334,306835,BlockChain
000000000000000047bcf7c9b4cb1e9b19feb200d4f2474fd1543f8959965523,440160,000000000000000047bcf7c9b4cb1e9b19feb200d4f2474fd1543f8959965523,1403275650,0000000000000000185cbc05b37ec3d9f45ac2c446509e79ed6437329be29a85,334,306835,BlockChain
00000000000000002192656cd1ac229810fb28f8124cd3f1222f4fb6eb0fa8af,434716,00000000000000002192656cd1ac229810fb28f8124cd3f1222f4fb6eb0fa8af,1403054500,000000000000000035ef94d57a9d3f54d34db093d9893e609f468c4cbe435149,1043,306412,BlockChain
000000000000000039159f8d8b89aa46ef9d48c171abffce0ff28b9c72b02817,434649,000000000000000039159f8d8b89aa46ef9d48c171abffce0ff28b9c72b02817,1402994293,00000000000000004902178b9b8e8e87eed1ef02bc9f9ae0b7237f6b4c51f9de,266,306287,BlockChain
0000000000000000354eed779d6d13c2bd201c7d79fe13a2054e41b1818e6048,438543,0000000000000000354eed779d6d13c2bd201c7d79fe13a2054e41b1818e6048,1402791210,000000000000000028565a5bf17552b3bb36e23a55b3e1b40c31066a1a13eb41,36,305844,BlockChain
0000000000000000103ddf6ae79d2ae35deca4a77d10ef425d38c849a6dc7049,438508,0000000000000000103ddf6ae79d2ae35deca4a77d10ef425d38c849a6dc7049,1402758794,0000000000000000472b31bd31626705f043ec393302a9e51bcbd833277d1753,134,305774,BlockChain
000000000000000023559b09b50f09d8c66ec76a308a88b1476b3d2b7966c92e,434353,000000000000000023559b09b50f09d8c66ec76a308a88b1476b3d2b7966c92e,1402710135,0000000000000000485239e47b793d3610bd91c6fd39b1babd1fdeedd3a1608d,41,305676,BlockChain
00000000000000003132d5cea526be0dc5ac346a5fada6d3b761de499d129af7,434307,00000000000000003132d5cea526be0dc5ac346a5fada6d3b761de499d129af7,1402671860,000000000000000036f2af745e58a7a724182065b83a12d75fc3fe45e7f3ec3f,1018,305591,BlockChain
00000000000000003d6bb10a066154451f448a2789a31c63d65de30ac7f65738,434182,00000000000000003d6bb10a066154451f448a2789a31c63d65de30ac7f65738,1402534404,000000000000000037af826219820f7a65fa449d5af3323d67a1025af3f2f41c,18,305337,BlockChain
00000000000000003d6bb10a066154451f448a2789a31c63d65de30ac7f65738,434182,00000000000000003d6bb10a066154451f448a2789a31c63d65de30ac7f65738,1402534404,000000000000000037af826219820f7a65fa449d5af3323d67a1025af3f2f41c,18,305337,BlockChain
000000000000000030d781b563d2d61b3446603b1e244a6f08744cffa20f8dc6,434178,000000000000000030d781b563d2d61b3446603b1e244a6f08744cffa20f8dc6,1402531746,00000000000000004ab24a160e50e4edb4e6266b06b605b79780510ca3bcfad0,245,305331,BlockChain
00000000000000001541c23dc7e4effd3ae25a9ac81231df61b24c218e44af48,434166,00000000000000001541c23dc7e4effd3ae25a9ac81231df61b24c218e44af48,1402511957,00000000000000001d4a96d04c69c4deec7e697a5bd632d5db7169c387759b34,878,305299,BlockChain
00000000000000002e180631c8147e91c2ecee561779ba27e13db7daff701369,434156,00000000000000002e180631c8147e91c2ecee561779ba27e13db7daff701369,1402505437,00000000000000005c2d821221c807b145cb0bce76d7d81c3990f7dfd858f2bb,1645,305285,BlockChain
000000000000000034fcbc45aa26e7bc74fc1ffbece0bb29e82a2bb901ff802d,434126,000000000000000034fcbc45aa26e7bc74fc1ffbece0bb29e82a2bb901ff802d,1402473254,00000000000000005b54c2fa00eb70ea206b2f7524ac7029f44f9945e241858e,225,305224,BlockChain
0000000000000000025fcdc4337e8a3f2f854931d9a793a804b767deb564cf3c,434091,0000000000000000025fcdc4337e8a3f2f854931d9a793a804b767deb564cf3c,1402432712,00000000000000004e77cf11c727f946efd36870b69d634cbd56afade2d5394f,90,305163,BlockChain
000000000000000049c7ab5b73a3454bb200103f26502575af43d3628cedfe06,434077,000000000000000049c7ab5b73a3454bb200103f26502575af43d3628cedfe06,1402422390,0000000000000000053b406e0e10a509ac2e08f0db6ae3ec4402e4d3fac7646e,561,305140,BlockChain
000000000000000055067e6f893d27eeb35e37f01ad1363d288f4cb5943ae6cf,434019,000000000000000055067e6f893d27eeb35e37f01ad1363d288f4cb5943ae6cf,1402367326,0000000000000000266ed8474955a19ff09691b4ee38b2b9e27e7d4adc872d9d,204,305034,BlockChain
00000000000000004b414acd1ae333875a030e53c940831887607377e81a0477,434028,00000000000000004b414acd1ae333875a030e53c940831887607377e81a0477,1402372123,000000000000000021698b8aea85113f655432ed39efda5f64f20bdc8a6fc594,21,305049,BlockChain
000000000000000016bf5b3d9274c5275eb13336a8f75b970380a8bd99708299,434016,000000000000000016bf5b3d9274c5275eb13336a8f75b970380a8bd99708299,1402360748,00000000000000004f2d56305f52106a0e801659dd99faedfb833d931adf9f82,250,305025,BlockChain
00000000000000000230cd95e035803e2365df85ea83d9043a4f0efec1c3f884,438110,00000000000000000230cd95e035803e2365df85ea83d9043a4f0efec1c3f884,1402335276,000000000000000025746020641aa2c80c9293415100271329a7d0f6b2909560,504,304964,BlockChain
0000000000000000410e0bd6288946350af28faded9594904efad79da035c9d4,438103,0000000000000000410e0bd6288946350af28faded9594904efad79da035c9d4,1402331302,000000000000000045f4379e4407d5721e626640c681831718b1b4d0dbc1098a,1129,304956,BlockChain
000000000000000045f4379e4407d5721e626640c681831718b1b4d0dbc1098a,438102,000000000000000045f4379e4407d5721e626640c681831718b1b4d0dbc1098a,1402329638,00000000000000001f33962fd07baad5f7d51a71a7f88fd092cf378defdce9d9,730,304955,BlockChain
0000000000000000065dbf3b5a0c53e7243fed1f0c791317b32a3aead1003685,438048,0000000000000000065dbf3b5a0c53e7243fed1f0c791317b32a3aead1003685,1402260055,000000000000000045877a8e19f44875846183318a67d6af7910e89b31a91d60,978,304848,BlockChain
0000000000000000474dde995e4b10931fd0e87284bb544bb17d111470effebe,433938,0000000000000000474dde995e4b10931fd0e87284bb544bb17d111470effebe,1402268983,00000000000000000bb2cbecb4db84d8bef1bf9922a93199678d8af04a8a80d0,463,304858,BlockChain
00000000000000002744f7ceda54936f88f457e607bb298fbfcd1a27436f1f4c,433927,00000000000000002744f7ceda54936f88f457e607bb298fbfcd1a27436f1f4c,1402253320,000000000000000003e74f8b6ba24c852faad459eb5abe08df82f925955fad7c,1355,304837,BlockChain
00000000000000005ac1c70e88515306d2ac4795fa56773a36779b3443adf14c,433808,00000000000000005ac1c70e88515306d2ac4795fa56773a36779b3443adf14c,1402125164,0000000000000000128f4fc44d12dcb4de606373d9a7d9e9751cbda8034bb63e,867,304609,BlockChain
0000000000000000052ab6cee6946c00da24407765a15d9892eb02c911806df5,437927,0000000000000000052ab6cee6946c00da24407765a15d9892eb02c911806df5,1402125180,0000000000000000128f4fc44d12dcb4de606373d9a7d9e9751cbda8034bb63e,830,304609,BlockChain
0000000000000000178ad5e6f7b3535c6106b7c6f0bdeb831dbd89c642b6f271,437881,0000000000000000178ad5e6f7b3535c6106b7c6f0bdeb831dbd89c642b6f271,1402072480,00000000000000004cec4095f8a14ec672ee05506e84fc1f9324ee73700172ce,730,304526,BlockChain
0000000000000000216bcdde33f4597a9ce784616df227e200608ed9d258dac8,437879,0000000000000000216bcdde33f4597a9ce784616df227e200608ed9d258dac8,1402068858,00000000000000003fb7d0800c854d5f7f1ac1747cd47526b2087a2471e1817e,919,304519,BlockChain
0000000000000000352ba136d7a5653e86ec8de033e7df5f6a0b23bc87cb2777,437837,0000000000000000352ba136d7a5653e86ec8de033e7df5f6a0b23bc87cb2777,1402022844,00000000000000001ec1d97c1e6675c9804f7c8291c9aad9973a105272d954cd,88,304448,BlockChain
0000000000000000135449f6811c4779af15de853679cbeeea18cfe03b8c010e,433665,0000000000000000135449f6811c4779af15de853679cbeeea18cfe03b8c010e,1401934522,0000000000000000609fe0e59e24fe3ff86bce8655039bedf4d092f75a034acf,270,304288,BlockChain
0000000000000000135449f6811c4779af15de853679cbeeea18cfe03b8c010e,433665,0000000000000000135449f6811c4779af15de853679cbeeea18cfe03b8c010e,1401934522,0000000000000000609fe0e59e24fe3ff86bce8655039bedf4d092f75a034acf,270,304288,BlockChain
00000000000000002efb8a1b3971548a6ddc6cc2b2b2103725b929f60995dc14,433661,00000000000000002efb8a1b3971548a6ddc6cc2b2b2103725b929f60995dc14,1401927785,000000000000000065c57b1235772a6a5028a9b759008295b6a7f81757c8306a,385,304280,BlockChain
000000000000000047fb15da0f0cfa3674d9084f206fe5bd65e3431da4389033,435674,000000000000000047fb15da0f0cfa3674d9084f206fe5bd65e3431da4389033,1401885116,00000000000000004193bd838072e57a049be05faf09fad1bf3cf305a22a1df9,406,304200,BlockChain
0000000000000000689257a368a46d45dfe7ee3f861a89b4b640a7c02933bbf5,433623,0000000000000000689257a368a46d45dfe7ee3f861a89b4b640a7c02933bbf5,1401881932,000000000000000063e13bb4737ad441a6d55c2260300dd1674442f5c2f40e6a,183,304191,BlockChain
0000000000000000689257a368a46d45dfe7ee3f861a89b4b640a7c02933bbf5,433623,0000000000000000689257a368a46d45dfe7ee3f861a89b4b640a7c02933bbf5,1401881932,000000000000000063e13bb4737ad441a6d55c2260300dd1674442f5c2f40e6a,183,304191,BlockChain
000000000000000054abac62f2fe139bc3746cb7c6eddcec14cba8b4baa9f69b,423723,000000000000000054abac62f2fe139bc3746cb7c6eddcec14cba8b4baa9f69b,1401841888,00000000000000002a478176d531e5e4cc5d597dc5bbe567fb4c692598d56910,291,304102,BlockChain
000000000000000030068f158dc9fa1635d6ac4a48804c46c73deebfc5aafa2a,429654,000000000000000030068f158dc9fa1635d6ac4a48804c46c73deebfc5aafa2a,1401841184,00000000000000000360fa0c0a908d234e041d19cc730255f71622ab84cb74c8,457,304100,BlockChain
00000000000000004d42a1eec741593718ffbcb7c6849f0c82bb15c8c28b2112,423700,00000000000000004d42a1eec741593718ffbcb7c6849f0c82bb15c8c28b2112,1401822210,00000000000000004b2b1136b58053d0fd0400d8d993882da83b7c3d664271e8,1236,304061,BlockChain
00000000000000002ac8d74b5d730d8c87530656ca2d274b380360d47a03bb55,423680,00000000000000002ac8d74b5d730d8c87530656ca2d274b380360d47a03bb55,1401799251,000000000000000003ad1c88246d5560ffb14aea7dce2eedc74964f436c76e78,96,304013,BlockChain
00000000000000003cd2e996c3d0a6199dbece2a75261bf53c217cbf345c9f8f,423637,00000000000000003cd2e996c3d0a6199dbece2a75261bf53c217cbf345c9f8f,1401758826,000000000000000016869251050c3268f12d8de5ae816ba83dc8ca482d8e36a5,332,303928,BlockChain
000000000000000038854e480e34db5a74285ddc26327e03bca3ebae7832a3f0,429521,000000000000000038854e480e34db5a74285ddc26327e03bca3ebae7832a3f0,1401722790,00000000000000003e6cb6c812cd2d4bae0990351cff97956b1f1b1fc766ecb0,822,303842,BlockChain
0000000000000000169b2b8fb9d30fdd8c03ce4d34a82290e3cb2d324d87b970,425612,0000000000000000169b2b8fb9d30fdd8c03ce4d34a82290e3cb2d324d87b970,1401673383,00000000000000004f7c8a96d285841970d93232457a893a68ebbb299b1289d9,750,303738,BlockChain
000000000000000035bd119aa3be0bda78ffc13c642953e35b200fed54fffa3b,423497,000000000000000035bd119aa3be0bda78ffc13c642953e35b200fed54fffa3b,1401625380,00000000000000001ba7d6208fcc4464f7125dc49777f7d9ad32e64863351038,197,303645,BlockChain
